id	name	avg_rating	n_reviews	n_sold	price	n_loved	n_rate_5	rate_4	rate_3	rate_2	rate_1	rate_with_cmt	rate_with_imgvid	shop_name	shop_n_review	shop_n_product	shop_rate_feedback	shop_time_feedback	shop_age	shop_follower
0	ƒêi·ªán tho·∫°i Xiaomi Redmi Note 9S 4GB/64GB - H√†ng ch√≠nh h√£ng - B·∫£o h√†nh ƒëi·ªán t·ª≠ 18 th√°ng	4.9	1300.0	5600.0	5490000.0	1800.0	1200.0	53.0	14.0	11.0	16.0	630.0	438.0	xiaomivn_official_store	7500.0	88.0	94%	trong v√†i gi·ªù	14 th√°ng tr∆∞·ªõc	47800.0
1	ƒêi·ªán tho·∫°i OPPO A37 Fullbox M·ªõi - 2GB/16GB - B·∫£o h√†nh 12 th√°ng -	5.0	42.0	7800.0	1299000.0	3600.0	40.0	2.0	0.0	0.0	0.0	39.0	32.0	thinhphat_mobile	2300.0	259.0	79%	trong v√†i gi·ªù	37 th√°ng tr∆∞·ªõc	24900.0
2	ƒëi·ªán tho·∫°i Samsung Galaxy S7 ch√≠nh h√£ng / full ch·ª©c nƒÉng	4.9	33.0	6600.0	1899000.0	2900.0	32.0	0.0	0.0	1.0	0.0	31.0	29.0	thinhphat_mobile	2300.0	259.0	79%	trong v√†i gi·ªù	37 th√°ng tr∆∞·ªõc	24900.0
3	ƒêi·ªán tho·∫°i Nokia 1280 Huy·ªÅn tho·∫°i ch√≠nh h√£ng k√®m pin s·∫°c	4.9	33.0	4100.0	189900.0	3500.0	32.0	0.0	1.0	0.0	0.0	32.0	29.0	annhien_mobile	1400.0	499.0	89%	trong v√†i gi·ªù	37 th√°ng tr∆∞·ªõc	27000.0
4	ƒêi·ªán tho·∫°i Nokia 1280 Nguy√™n zin M·ªõi tinh ch√≠nh h√£ng	4.5	58.0	8800.0	189900.0	3500.0	48.0	3.0	1.0	1.0	5.0	40.0	37.0	annhien_mobile	1400.0	499.0	89%	trong v√†i gi·ªù	37 th√°ng tr∆∞·ªõc	27000.0
5	ƒêi·ªán tho·∫°i Nokia 1280 ch√≠nh h√£ng nguy√™n zin Nghe g·ªçi to	4.8	46.0	3300.0	45000.0	3500.0	41.0	3.0	0.0	1.0	1.0	38.0	31.0	annhien_mobile	1400.0	499.0	89%	trong v√†i gi·ªù	37 th√°ng tr∆∞·ªõc	27000.0
6	ƒêi·ªán tho·∫°i Nokia 1280 Huy·ªÅn tho·∫°i ch√≠nh h√£ng k√®m pin s·∫°c	4.8	35.0	5900.0	189000.0	3500.0	33.0	0.0	0.0	0.0	2.0	29.0	27.0	annhien_mobile	1400.0	499.0	89%	trong v√†i gi·ªù	37 th√°ng tr∆∞·ªõc	27000.0
7	ƒêi·ªán Tho·∫°i Nokia 6300 Si√™u B·ªÅn _ ƒê·ªß M√†u _ Ch√≠nh h√£ng Nh·∫≠p Kh·∫©u	4.5	56.0	7000.0	290000.0	3500.0	45.0	2.0	5.0	1.0	3.0	47.0	42.0	thinhphat_mobile	2300.0	259.0	79%	trong v√†i gi·ªù	37 th√°ng tr∆∞·ªõc	24900.0
8	ƒêI·ªÜN THO·∫†I NOKIA 1202 M·ªöI TINH FULL S·∫†C PIN CH√çNH H√ÉNG	4.7	33.0	6100.0	175000.0	2900.0	30.0	0.0	1.0	0.0	2.0	25.0	18.0	thinhphat_mobile	2300.0	259.0	79%	trong v√†i gi·ªù	37 th√°ng tr∆∞·ªõc	24900.0
9	ƒëi·ªán tho·∫°i Samsung Galaxy S7 Edge 2 sim ram 4G b·ªô nh·ªõ 32G m·ªõi, ch∆°i game n·∫∑ng m∆∞·ª£t	5.0	17.0	5400.0	2799000.0	272.0	17.0	0.0	0.0	0.0	0.0	14.0	12.0	smartphonehcm	802.0	327.0	72%	trong v√†i gi·ªù	3 th√°ng tr∆∞·ªõc	1500.0
10	ƒëi·ªán tho·∫°i nokia 110i nghe g·ªçi to r√µ k√®m pin s·∫°c ch√≠nh h√£ng	4.5	40.0	8300.0	145000.0	3500.0	34.0	0.0	1.0	1.0	4.0	38.0	31.0	annhien_mobile	1400.0	499.0	89%	trong v√†i gi·ªù	37 th√°ng tr∆∞·ªõc	27000.0
11	ƒêI·ªÜN THO·∫†I SAMSUNG GALAXY S6 FULLBOX NGUY√äN ZIN CHIÃÅNH HAÃÉNG 100%//SHIP N√îÃ£I THAÃÄNH	5.0	28.0	3900.0	1818000.0	3000.0	28.0	0.0	0.0	0.0	0.0	23.0	21.0	thinhphat_mobile	2300.0	259.0	79%	trong v√†i gi·ªù	37 th√°ng tr∆∞·ªõc	24900.0
12	ƒêi·ªán tho·∫°i Nokia 6300 ƒë·∫ßy ƒë·ªß pin s·∫°c m√†u b·∫°c	5.0	13.0	2700.0	289900.0	6200.0	13.0	0.0	0.0	0.0	0.0	11.0	11.0	thaophuongphuongphuong	381.0	104.0	98%	trong v√†i ph√∫t	3 nƒÉm tr∆∞·ªõc	23500.0
13	ƒêi·ªán tho·∫°i Samsung Galaxy A10s (32GB/2GB) - H√£ng ph√¢n ph·ªëi ch√≠nh th·ª©c	4.9	1100.0	14800.0	2690000.0	1900.0	920.0	17.0	6.0	0.0	5.0	206.0	133.0	samsung_official_store	20300.0	235.0	100%	trong v√†i gi·ªù	33 th√°ng tr∆∞·ªõc	80900.0
14	ƒêi·ªán Tho·∫°i Si√™u D·ªÖ Th∆∞∆°ng Mini BM10	4.9	1500.0	6000.0	169000.0	478.0	1300.0	59.0	19.0	6.0	13.0	597.0	428.0	kechaoda	16300.0	315.0	99%	trong v√†i gi·ªù	32 th√°ng tr∆∞·ªõc	12500.0
15	ƒëi·ªán tho·∫°i Samsung galaxy s7 1 sim Nhi·ªÅu m√†u.... gi√° c·∫£ h·ª£p l√Ω	4.8	24.0	3700.0	1850000.0	215.0	23.0	0.0	0.0	0.0	1.0	21.0	18.0	didongviet1	872.0	341.0	66%	trong v√†i gi·ªù	56 ng√†y tr∆∞·ªõc	10300.0
16	ƒêi·ªán Tho·∫°i OPPO A12 (3GB/32GB) - H√†ng Ch√≠nh H√£ng	5.0	388.0	4500.0	2990000.0	619.0	380.0	7.0	1.0	0.0	0.0	102.0	70.0	oppo_official_store_vn	4300.0	59.0	100%	trong v√†i gi·ªù	4 nƒÉm tr∆∞·ªõc	110300.0
17	ƒêi·ªán Tho·∫°i Mini Nokia 2 Sim Cute	4.8	1200.0	5900.0	35000.0	477.0	841.0	43.0	17.0	9.0	15.0	390.0	245.0	shoplinhtrang688	2700.0	109.0	71%	trong v√†i gi·ªù	21 th√°ng tr∆∞·ªõc	2100.0
18	ƒëi·ªán tho·∫°i CH√çNH H√ÉNG Oppo F9 ram 6G B·ªô nh·ªõ 64G M·ªöI, ch∆°i LI√äN QU√ÇN-PUBG-FREE FIRE ngon l√†nh	4.7	50.0	3000.0	2550000.0	3600.0	45.0	1.0	0.0	1.0	3.0	44.0	35.0	thinhphat_mobile	2300.0	259.0	79%	trong v√†i gi·ªù	37 th√°ng tr∆∞·ªõc	24900.0
19	ƒêi·ªán tho·∫°i Nokia 1202 m·ªõi, gi√° t·ªët bao x√†i	5.0	10.0	2900.0	179000.0	6000.0	10.0	0.0	0.0	0.0	0.0	9.0	9.0	thaophuongphuongphuong	381.0	104.0	98%	trong v√†i ph√∫t	3 nƒÉm tr∆∞·ªõc	23500.0
20	ƒêi·ªán Tho·∫°i Nokia 6300 Ch√≠nh H√£ng B·∫£o H√†nh 12 Th√°ng C√≥ ƒê√®n B√°o Cu·ªôc G·ªçi Nh·ª° imeil Chu·∫©n Tr√πng	4.7	2500.0	5400.0	285000.0	834.0	530.0	42.0	27.0	17.0	26.0	318.0	197.0	kechaoda	16300.0	315.0	99%	trong v√†i gi·ªù	32 th√°ng tr∆∞·ªõc	12500.0
21	ƒêi·ªán tho·∫°i Si√™u Nh·ªè B3310 02 sim 02 s√≥ng g·∫Øn ƒë∆∞·ª£c th·∫ª nh·ªõ	4.9	935.0	3700.0	52000.0	544.0	647.0	31.0	9.0	5.0	7.0	262.0	179.0	chinhhangdienthoai	1900.0	227.0	87%	trong v√†i gi·ªù	28 th√°ng tr∆∞·ªõc	1000.0
22	ƒêi·ªán tho·∫°i iPhone 8 Plus Qu·ªëc t·∫ø 64GB M·ªõi 99% B·∫£o H√†nh 12 Th√°ng	4.7	41.0	6500.0	5690000.0	8400.0	34.0	5.0	0.0	0.0	2.0	30.0	13.0	iphone..79	308.0	45.0	85%	trong v√†i gi·ªù	7 th√°ng tr∆∞·ªõc	22100.0
23	ƒêi·ªán tho·∫°i Samsung Galaxy A20s (32GB/3GB) - H√£ng ph√¢n ph·ªëi ch√≠nh th·ª©c	4.9	823.0	15400.0	3290000.0	1400.0	800.0	13.0	3.0	1.0	5.0	259.0	189.0	samsung_official_store	20300.0	235.0	100%	trong v√†i gi·ªù	33 th√°ng tr∆∞·ªõc	80900.0
24	ƒêi·ªán Tho·∫°i NOKIA 6300 6300i Main Zin Ch√≠nh H√£ng ƒê·ªß M√†u - OHNO BH 24 Th√°ng C√≥ Pin & S·∫°c	4.7	47.0	5900.0	499000.0	1700.0	40.0	3.0	3.0	0.0	1.0	20.0	7.0	ohnovn	388.0	176.0	82%	trong v√†i gi·ªù	19 th√°ng tr∆∞·ªõc	3400.0
25	ƒêi·ªán Tho·∫°i Nokia 101,Nokia 100 Zin Ch√≠nh H√£ng ƒê·ªß Pin S·∫°c	4.6	1100.0	3300.0	135000.0	31400.0	678.0	69.0	39.0	18.0	42.0	419.0	226.0	thuythuy889	11700.0	97.0	96%	trong v√†i gi·ªù	5 nƒÉm tr∆∞·ªõc	39100.0
26	ƒêi·ªán tho·∫°i Vivo Y30i 4Gb + 64Gb - H√†ng ch√≠nh h√£ng	5.0	405.0	2500.0	2850000.0	586.0	396.0	7.0	1.0	0.0	1.0	102.0	72.0	vivo_official_store_vn	3500.0	50.0	100%	trong v√†i gi·ªù	32 th√°ng tr∆∞·ªõc	79600.0
27	ƒêi·ªán tho·∫°i si√™u nh·ªè 2 sim l·∫Øp ƒë∆∞·ª£c th·∫ª nh·ªõ	4.9	310.0	2200.0	158000.0	523.0	148.0	1.0	1.0	1.0	2.0	71.0	53.0	vuthuha1207_94	1300.0	121.0	58%	trong v√†i gi·ªù	35 th√°ng tr∆∞·ªõc	1500.0
28	ƒêi·ªán Tho·∫°i Nokia 1280 Si√™u M·ªõi ƒê·∫πp. D√πng r·∫•t b·ªÅn	5.0	9.0	1900.0	185000.0	5900.0	9.0	0.0	0.0	0.0	0.0	6.0	5.0	thaophuongphuongphuong	381.0	104.0	98%	trong v√†i ph√∫t	3 nƒÉm tr∆∞·ªõc	23500.0
29	ƒêi·ªán tho·∫°i iPhone 7 Plus Qu·ªëc t·∫ø 128GB M·ªõi 99% B·∫£o H√†nh 12 Th√°ng	4.7	23.0	5700.0	5990000.0	7900.0	19.0	2.0	1.0	0.0	1.0	19.0	6.0	iphone..79	308.0	45.0	85%	trong v√†i gi·ªù	7 th√°ng tr∆∞·ªõc	22100.0
30	ƒêi·ªán Tho·∫°i Samsung Galaxy A01 Core (2GB/32GB) - H√†ng Ch√≠nh H√£ng	4.8	90.0	1400.0	1890000.0	240.0	83.0	2.0	2.0	2.0	1.0	22.0	19.0	samsung_official_store	20300.0	235.0	100%	trong v√†i gi·ªù	33 th√°ng tr∆∞·ªõc	80900.0
31	ƒêi·ªán tho·∫°i Mini-Nokia 3310 2 sim 2 s√≥ng, Mini si√™u nh·ªè,Bh 12 th√°ng 1 ƒë·ªïi 1	4.9	105.0	1800.0	169000.0	49.0	98.0	4.0	1.0	0.0	2.0	60.0	45.0	tomeno	1000.0	269.0	98%	trong v√†i gi·ªù	28 th√°ng tr∆∞·ªõc	839.0
32	ƒêi·ªán Tho·∫°i Vsmart Active 3 6GB/64GB - H√†ng Ch√≠nh H√£ng	5.0	308.0	586.0	3129000.0	49800.0	303.0	2.0	1.0	0.0	2.0	167.0	111.0	dienthoaichinhhanghonghanh	3500.0	106.0	98%	trong v√†i gi·ªù	14 th√°ng tr∆∞·ªõc	98800.0
33	ƒëi·ªán tho·∫°i Samsung Galaxy S8 64G 2sim CH√çNH H√ÉNG m·ªõi (ƒê·ªß m√†u)	5.0	7.0	5100.0	2990000.0	209.0	7.0	0.0	0.0	0.0	0.0	6.0	5.0	didongviet1	872.0	341.0	66%	trong v√†i gi·ªù	56 ng√†y tr∆∞·ªõc	10300.0
34	ƒêi·ªán Tho·∫°i Vsmart Bee 3 2GB/16GB - H√†ng Ch√≠nh H√£ng	5.0	301.0	896.0	1369000.0	47900.0	293.0	8.0	0.0	0.0	0.0	143.0	102.0	dienthoaichinhhanghonghanh	3500.0	106.0	98%	trong v√†i gi·ªù	14 th√°ng tr∆∞·ªõc	98800.0
35	ƒëi·ªán tho·∫°i Oppo F9 2sim 64G m·ªõi Fullbox	4.6	38.0	2800.0	2549000.0	2800.0	34.0	0.0	0.0	0.0	4.0	20.0	21.0	smartphonelethuan	921.0	600.0	72%	trong v√†i gi·ªù	36 th√°ng tr∆∞·ªõc	20700.0
36	ƒêi·ªán tho·∫°i iPhone 7 Plus Qu·ªëc t·∫ø 128GB M·ªõi 99% B·∫£o H√†nh 12 Th√°ng	4.9	36.0	2900.0	4490000.0	414.0	18.0	0.0	1.0	1.0	0.0	15.0	9.0	gianhangapple	479.0	49.0	85%	trong v√†i gi·ªù	15 th√°ng tr∆∞·ªõc	3400.0
37	ƒêi·ªán Tho·∫°i Samsung Galaxy M21 (64GB/4GB) - H√†ng Ch√≠nh H√£ng	4.9	684.0	1400.0	3990000.0	1300.0	635.0	32.0	5.0	5.0	5.0	365.0	274.0	samsung_official_store	20300.0	235.0	100%	trong v√†i gi·ªù	33 th√°ng tr∆∞·ªõc	80900.0
38	ƒêi·ªán tho·∫°i Vsmart Joy4 (3GB+64GB) - H√†ng ch√≠nh h√£ng	4.9	229.0	611.0	2990000.0	251.0	221.0	3.0	4.0	1.0	0.0	112.0	78.0	vsmart_official_store	997.0	22.0	100%	trong v√†i gi·ªù	22 th√°ng tr∆∞·ªõc	7000.0
39	Anten wiffi iphone 6, 6s	4.8	21.0	36.0	15000.0	10.0	8.0	0.0	0.0	0.0	0.0	1.0	1.0	linhkieniphone	24500.0	2300.0	83%	trong v√†i gi·ªù	3 nƒÉm tr∆∞·ªõc	11600.0
40	ƒêi·ªán tho·∫°i Mini nh·ªè g·ªçn 2 sim k·∫øt n·ªëi blutus	4.9	386.0	1400.0	59000.0	118.0	150.0	4.0	0.0	0.0	3.0	66.0	47.0	mykim20032018	700.0	23.0	71%	trong v√†i gi·ªù	26 th√°ng tr∆∞·ªõc	241.0
41	ƒêi·ªán Tho·∫°i Nokia 6300 ƒê·ªß M√†u Ki·ªÉu D√°ng Nh·ªè G·ªçn Ti·ªán L·ª£i	5.0	3.0	2900.0	320000.0	5400.0	3.0	0.0	0.0	0.0	0.0	3.0	3.0	thaophuongphuongphuong	381.0	104.0	98%	trong v√†i ph√∫t	3 nƒÉm tr∆∞·ªõc	23500.0
42	[H√ÄNG CH√çNH H√ÉNG] ƒêI·ªÜN THO·∫†I Nokia 1280 k√®m pin s·∫°c c√≥ b·∫£o h√†nh 6 TH√ÅNG	4.9	122.0	282.0	239000.0	2900.0	113.0	8.0	1.0	0.0	0.0	74.0	55.0	hachi8892	234.0	70.0	97%	trong v√†i ph√∫t	18 th√°ng tr∆∞·ªõc	4200.0
43	Nokia 110i ƒêi·ªán Tho·∫°i Nokia 110i M·ªõi T·ªët	5.0	8.0	1400.0	155000.0	5600.0	8.0	0.0	0.0	0.0	0.0	7.0	7.0	thaophuongphuongphuong	381.0	104.0	98%	trong v√†i ph√∫t	3 nƒÉm tr∆∞·ªõc	23500.0
44	ƒêi·ªán Tho·∫°i Mini Nokia 2 Sim Cute	4.9	114.0	556.0	175000.0	65.0	106.0	5.0	3.0	0.0	0.0	49.0	30.0	anhbinhminhv	212.0	35.0	95%	trong v√†i ph√∫t	9 th√°ng tr∆∞·ªõc	153.0
45	ƒêi·ªán Tho·∫°i Xiaomi Redmi Note 8 64GB Ram 4GB - H√†ng Nh·∫≠p Kh·∫©u	4.8	1200.0	3800.0	3450000.0	2800.0	561.0	29.0	15.0	5.0	12.0	288.0	168.0	kimnhungmobile	20100.0	485.0	71%	trong v√†i gi·ªù	3 nƒÉm tr∆∞·ªõc	24400.0
46	ƒêi·ªán Tho·∫°i Nokia 1202 Ch√≠nh H√£ng B·∫£o H√†nh 12 Th√°ng Ch∆∞a S·ª≠a Ch·ªØa Nguy√™n Zin	4.7	623.0	1500.0	158000.0	260.0	224.0	19.0	6.0	3.0	4.0	120.0	68.0	kechaoda	16300.0	315.0	99%	trong v√†i gi·ªù	32 th√°ng tr∆∞·ªõc	12500.0
47	ƒêi·ªán Tho·∫°i Masstel Fami 12 H√†ng M·ªõi Nguy√™n H·ªôp - B·∫£o H√†nh Ch√≠nh H√£ng	4.9	153.0	1100.0	319000.0	54.0	88.0	2.0	0.0	1.0	0.0	44.0	33.0	tuanduongmobile	29900.0	565.0	87%	trong v√†i gi·ªù	4 nƒÉm tr∆∞·ªõc	14800.0
48	ƒêi·ªán Tho·∫°i Samsung Galaxy M31 (6GB/128GB) - H√†ng Ch√≠nh H√£ng	4.9	207.0	419.0	4890000.0	386.0	191.0	9.0	3.0	0.0	3.0	117.0	86.0	samsung_official_store	20300.0	235.0	100%	trong v√†i gi·ªù	33 th√°ng tr∆∞·ªõc	80900.0
49	ƒêi·ªán tho·∫°i Nokia 1202 ( k√®m pin s·∫°c )	4.9	108.0	328.0	115000.0	26.0	100.0	5.0	1.0	0.0	2.0	55.0	32.0	shopduong2004	659.0	116.0	93%	trong v√†i gi·ªù	9 th√°ng tr∆∞·ªõc	198.0
50	M√°y ƒë·ªçc s√°ch Kindle Paperwhite used m√°y ƒë·∫πp c√≥ ƒë√®n n·ªÅn Vbookshop	5.0	295.0	640.0	950000.0	518.0	196.0	3.0	0.0	0.0	0.0	134.0	96.0	vbookshop	856.0	20.0	97%	trong v√†i ph√∫t	27 th√°ng tr∆∞·ªõc	908.0
51	M√°y ƒë·ªçc s√°ch Kindle paperwhite gen 4 10th h√†ng used m√°y ƒë·∫πp	4.9	189.0	360.0	2100000.0	207.0	115.0	6.0	0.0	0.0	0.0	80.0	69.0	vbookshop	856.0	20.0	97%	trong v√†i ph√∫t	27 th√°ng tr∆∞·ªõc	908.0
52	M√°y ƒê·ªçc S√°ch Kindle Paperwhite M√°y ƒê·∫πp C√≥ Ch·ª©ng T·ª´ Ngu·ªìn G·ªëc Xu·∫•t X·ª© Nh·∫≠t B·∫£n	4.9	205.0	420.0	1300000.0	328.0	196.0	5.0	3.0	0.0	1.0	127.0	93.0	momotaro.vn	634.0	482.0	94%	trong v√†i gi·ªù	35 th√°ng tr∆∞·ªõc	955.0
53	Kindle paperwhite gen 2, gen 3 ngo·∫°i h√¨nh x∆∞·ªõc x√°t	5.0	105.0	192.0	1050000.0	102.0	95.0	2.0	0.0	0.0	0.0	60.0	46.0	vbookshop	856.0	20.0	97%	trong v√†i ph√∫t	27 th√°ng tr∆∞·ªõc	908.0
54	ƒêi·ªán Tho·∫°i Samsung Galaxy Note 4 (Dual sim) Fullbox Nh·∫≠p kh·∫©u	5.0	34.0	2000.0	1850000.0	3800.0	34.0	0.0	0.0	0.0	0.0	33.0	32.0	annhien_mobile	1400.0	499.0	89%	trong v√†i gi·ªù	37 th√°ng tr∆∞·ªõc	27100.0
55	M√°y t√≠nh b·∫£ng Asus ZenPad Z10 2017 99% m√†n 2K chuy√™n Games	5.0	216.0	410.0	3290000.0	736.0	116.0	3.0	0.0	0.0	0.0	83.0	53.0	anhtutablets	1300.0	69.0	88%	trong v√†i gi·ªù	4 nƒÉm tr∆∞·ªõc	5200.0
56	M√°y t√≠nh b·∫£ng Xiaomi Mipad 1 + c∆∞·ªùng l·ª±c, ·ªëp l∆∞ng	4.9	267.0	431.0	1790000.0	892.0	70.0	2.0	0.0	0.0	0.0	52.0	26.0	anhtutablets	1300.0	69.0	88%	trong v√†i gi·ªù	4 nƒÉm tr∆∞·ªõc	5200.0
57	M√°y T√≠nh B·∫£ng iPad 4 - 64/ 32/ 16Gb (Wifi + 4G)- Zin ƒê·∫πp 99% - Pin Kho·∫ª - M√†n Rentina s·∫Øc n√©t	4.9	271.0	500.0	2390000.0	42700.0	193.0	7.0	0.0	1.0	1.0	106.0	60.0	beha1989	4600.0	222.0	97%	trong v√†i gi·ªù	5 nƒÉm tr∆∞·ªõc	76100.0
58	B√∫t c·∫£m ·ª©ng m√†n h√¨nh chuy√™n d·ª•ng cho iPad/iPhone	4.9	18.0	76.0	3000.0	7.0	16.0	2.0	0.0	0.0	0.0	12.0	11.0	uloveremn1.vn	5400.0	4500.0	99%	trong v√†i gi·ªù	4 th√°ng tr∆∞·ªõc	3600.0
59	M√°y ƒê·ªçc S√°ch Kindle Paperwhite C≈© M√°y Tr·∫ßy C√≥ Ch·ª©ng T·ª´ Xu·∫•t X·ª© Nh·∫≠t M·ªπ	4.9	17.0	31.0	1250000.0	70.0	13.0	1.0	0.0	0.0	0.0	7.0	4.0	momotaro.vn	634.0	482.0	94%	trong v√†i gi·ªù	35 th√°ng tr∆∞·ªõc	955.0
60	iPad 4 (Wifi + 4G) 16GB/ 32GB /64G Ch√≠nh H√£ng- Zin ƒê·∫πp 99% - M√†n Retina s·∫Øc n√©t - Pin si√™u b·ªÅn v·ªõi 11.560mAh - MOBILE999	5.0	258.0	374.0	2268000.0	29500.0	239.0	5.0	0.0	0.0	0.0	143.0	93.0	mobile999.vn	1900.0	130.0	98%	trong v√†i gi·ªù	4 nƒÉm tr∆∞·ªõc	37700.0
61	M√°y t√≠nh b·∫£ng Ipad 2 Qu·ªëc t·∫ø b·∫£n WIFI 16gb	4.8	297.0	596.0	1250000.0	8100.0	190.0	18.0	5.0	2.0	4.0	130.0	69.0	bongnam1416	5300.0	66.0	94%	trong v√†i gi·ªù	4 nƒÉm tr∆∞·ªõc	19400.0
62	‚ö°Ô∏è NEW 100% - SEAL ‚ö°Ô∏è M√°y ƒë·ªçc s√°ch Amazon Kindle Paperwhite 4 (th·∫ø h·ªá th·ª© 10 - 8/32GB) ‚ö°Ô∏è K√®m ph·ª• ki·ªán gi√° s·ªëc ‚ö°Ô∏è	5.0	60.0	144.0	2849000.0	1600.0	38.0	0.0	0.0	0.0	0.0	20.0	17.0	xaha123	485.0	128.0	96%	trong v√†i gi·ªù	18 th√°ng tr∆∞·ªõc	6700.0
63	[CHUY√äN GAME + ANTUTU 130K] M√°y t√≠nh b·∫£ng Xiaomi MiPad 1 64GB Zin Likenew 99%	4.9	122.0	166.0	1788000.0	1900.0	40.0	1.0	1.0	0.0	0.0	23.0	9.0	thanhnamdjjd	654.0	126.0	95%	trong v√†i gi·ªù	3 nƒÉm tr∆∞·ªõc	6400.0
64	M√°y t√≠nh B·∫£ng Ipad 2. Nguy√™n zin Qu·ªëc T·∫ø.r·∫ª m√† d√πng ch·∫•t	4.9	164.0	320.0	1250000.0	367.0	147.0	6.0	2.0	0.0	1.0	90.0	53.0	vanleo89	753.0	27.0	92%	trong v√†i gi·ªù	20 th√°ng tr∆∞·ªõc	934.0
65	M√°y t√≠nh b·∫£ng Samsung Galaxy Tab S6 T·∫∑ng k√®m Bao b√†n ph√≠m H√†ng ch√≠nh h√£ng	5.0	33.0	108.0	14490000.0	182.0	32.0	1.0	0.0	0.0	0.0	4.0	3.0	nguyenducchinh22	2600.0	71.0	96%	trong v√†i ph√∫t	34 th√°ng tr∆∞·ªõc	1700.0
66	iPad Mini 5 Wi-Fi 64GB ch√≠nh h√£ng Apple m·ªõi 100% nguy√™n seal	5.0	58.0	82.0	9190000.0	655.0	57.0	1.0	0.0	0.0	0.0	37.0	18.0	truonghung825	1200.0	126.0	90%	trong v√†i gi·ªù	23 th√°ng tr∆∞·ªõc	10600.0
67	M√°y t√≠nh b·∫£ng Ipad 4 b·∫£n 4G/wifi, m√†n h√¨nh 9.7inch	4.7	37.0	1900.0	1249000.0	3700.0	32.0	1.0	2.0	1.0	1.0	33.0	27.0	baongocstore2016	4500.0	342.0	91%	trong v√†i gi·ªù	4 nƒÉm tr∆∞·ªõc	23700.0
68	M√°y t√≠nh b·∫£ng iPAD 4 16G ch√≠nh h√£ng APPLE - T·∫∑ng bao da	4.7	299.0	599.0	2048000.0	788.0	60.0	7.0	5.0	1.0	2.0	43.0	15.0	thelinhstore	18000.0	457.0	75%	trong v√†i gi·ªù	36 th√°ng tr∆∞·ªõc	47400.0
69	M√°y ƒë·ªçc s√°ch All new Kindle PaperWhite gen 4 2019 (10th) t·∫∑ng cover ho·∫∑c bao ch·ªëng s·ªëc	5.0	52.0	115.0	2800000.0	52.0	27.0	1.0	0.0	0.0	0.0	15.0	12.0	nguyenhuy.bk	541.0	139.0	89%	trong v√†i gi·ªù	4 nƒÉm tr∆∞·ªõc	1200.0
70	iPad mini 5 64G WIFI M·ªöI 100% H√ÄNG CH√çNH H√ÉNG, CH∆ØA ACTIVE	4.9	70.0	121.0	9300000.0	216.0	68.0	0.0	1.0	0.0	1.0	36.0	30.0	thaiduongiphone	712.0	96.0	98%	trong v√†i ph√∫t	20 th√°ng tr∆∞·ªõc	7400.0
71	M√ÅY T√çNH B·∫¢NG ANDROID 7IN 3G-WIFI	4.2	65.0	256.0	599000.0	722.0	28.0	3.0	2.0	0.0	5.0	28.0	7.0	66phuonganh	247.0	72.0	77%	trong v√†i ph√∫t	26 th√°ng tr∆∞·ªõc	1400.0
72	M√°y t√≠nh b·∫£ng Apple ipad mini ƒë·∫πp keng 99%	4.9	48.0	108.0	350000.0	738.0	46.0	1.0	0.0	0.0	1.0	20.0	11.0	duongbimbimm	1500.0	147.0	95%	trong v√†i gi·ªù	13 th√°ng tr∆∞·ªõc	8500.0
73	M√°y t√≠nh b·∫£ng iPad 3 ch√≠nh h√£ng APPLE - T·∫∑ng Bao Da SmartCover	4.8	180.0	356.0	1398000.0	506.0	79.0	5.0	0.0	1.0	0.0	52.0	28.0	thelinhstore	18000.0	457.0	75%	trong v√†i gi·ªù	36 th√°ng tr∆∞·ªõc	47400.0
74	M√°y t√≠nh b·∫£ng Huawei MediaPad T3 10 (2017)	4.8	53.0	100.0	3990000.0	133.0	44.0	6.0	0.0	1.0	1.0	32.0	21.0	huawei_flagship_store	2400.0	38.0	100%	trong v√†i ph√∫t	26 th√°ng tr∆∞·ªõc	46500.0
75	iPad 3 CH√çNH H√ÉNG Apple b·∫£n wifi 16GB Bh 6 TH√ÅNG 1 ƒë·ªïi 1 t·∫°i nh√† trong 30 ng√†y	4.7	202.0	431.0	1790000.0	4500.0	161.0	14.0	7.0	3.0	5.0	124.0	60.0	bongnam1416	5300.0	66.0	94%	trong v√†i gi·ªù	4 nƒÉm tr∆∞·ªõc	19400.0
76	M√°y T√≠nh B·∫£ng iPad Mini 1 (4G + Wifi) 16/32/64Gb - Zin ƒê·∫πp 99% - Ph·ª• ki·ªán ƒë·∫ßy ƒë·ªß	4.9	145.0	268.0	2290000.0	860.0	85.0	1.0	0.0	0.0	1.0	47.0	29.0	beha1989	4600.0	222.0	97%	trong v√†i gi·ªù	5 nƒÉm tr∆∞·ªõc	76100.0
77	M√°y ƒë·ªçc s√°ch Kindle PaperWhite gen 4 (10th) ch√≠nh h√£ng - Nguy√™n seal m·ªõi 100%	5.0	8.0	33.0	2500000.0	18.0	8.0	0.0	0.0	0.0	0.0	5.0	3.0	3819store	39.0	9.0	98%	trong v√†i ph√∫t	3 nƒÉm tr∆∞·ªõc	139.0
78	M√°y t√≠nh b·∫£ng ipad 4 ch√≠nh h√£ng, qu·ªëc t·∫ø phi√™n b·∫£n Wifi + 3G; t·∫∑ng full ph·ª• ki·ªán, c∆∞·ªùng l·ª±c bao da, h·ªçc t·∫≠p, ch∆°i game..	4.8	151.0	306.0	1199300.0	406.0	108.0	6.0	2.0	1.0	1.0	73.0	49.0	thang.chac2	2300.0	33.0	91%	trong v√†i gi·ªù	28 th√°ng tr∆∞·ªõc	6000.0
79	M√°y ƒë·ªçc s√°ch Kindle Voyage used m√°y ƒë·∫πp	5.0	47.0	85.0	1900000.0	46.0	24.0	1.0	0.0	0.0	0.0	19.0	12.0	vbookshop	856.0	20.0	97%	trong v√†i ph√∫t	27 th√°ng tr∆∞·ªõc	908.0
80	M√°y ƒë·ªçc s√°ch kindle paperwhite gen 3 4GB t·∫∑ng k√®m cover	5.0	29.0	60.0	2100000.0	23.0	13.0	0.0	0.0	0.0	0.0	7.0	7.0	nguyenhuy.bk	541.0	139.0	89%	trong v√†i gi·ªù	4 nƒÉm tr∆∞·ªõc	1200.0
81	M√°y t√≠nh b·∫£ng ipad 2 32/16Gb ch√≠nh h√£ng b·∫£n Wifi - t·∫∑ng k√®m ph·ª• ki·ªán h·ªó tr·ª£ t·∫£i ·ª©ng d·ª•ng - b·∫£o h√†nh d√†i 6-12 th√°ng	4.9	39.0	76.0	399000.0	406.0	38.0	0.0	0.0	0.0	1.0	27.0	17.0	duongbimbimm	1500.0	147.0	95%	trong v√†i gi·ªù	13 th√°ng tr∆∞·ªõc	8500.0
82	M√°y T√≠nh B·∫£ng HUAWEI MatePad Pro (6GB+128GB) - K√®m b√∫t c·∫£m+·ª©ng B√†n ph√≠m	4.8	24.0	50.0	19970000.0	168.0	23.0	0.0	0.0	0.0	1.0	10.0	7.0	huawei_flagship_store	2400.0	38.0	100%	trong v√†i ph√∫t	26 th√°ng tr∆∞·ªõc	46500.0
83	M√ÅY T√çNH B·∫¢NG FIRE HD 8 M·ªöI NH·∫§T NƒÇM 2020 T·∫∂NG K√àM ·ªêP L∆ØNG SI√äU ƒê·∫∏P	5.0	17.0	34.0	2100000.0	57.0	17.0	0.0	0.0	0.0	0.0	11.0	7.0	mainth246	317.0	73.0	93%	trong v√†i ph√∫t	31 th√°ng tr∆∞·ªõc	619.0
84	M√°y ƒê·ªçc S√°ch Kobo M√°y ƒê·∫πp C√≥ Ch·ª©ng T·ª´ Ngu·ªìn G·ªëc Xu·∫•t X·ª© Nh·∫≠t B·∫£n	5.0	77.0	151.0	1050000.0	117.0	73.0	3.0	0.0	0.0	0.0	53.0	35.0	momotaro.vn	634.0	482.0	94%	trong v√†i gi·ªù	35 th√°ng tr∆∞·ªõc	955.0
85	M√°y ƒë·ªçc s√°ch Kindle Basic 2019 - All-new-kindle 2019 c√≥ ƒë√®n n·ªÅn, m√†n h√¨nh 6‚Äô‚Äô ch·ªëng kh√∫c x·∫° √°nh s√°ng, nghe Audible, 4GB	5.0	13.0	346.0	1600000.0	25.0	13.0	0.0	0.0	0.0	0.0	10.0	6.0	kindlehanoi.vn	190.0	31.0	88%	trong v√†i gi·ªù	4 nƒÉm tr∆∞·ªõc	195.0
86	M√°y ƒë·ªçc s√°ch All-new Kindle 10th Generation - 2019 (4GB/8GB) NEW 100%	5.0	52.0	115.0	2075000.0	447.0	44.0	0.0	0.0	0.0	0.0	24.0	18.0	xaha123	485.0	128.0	96%	trong v√†i gi·ªù	18 th√°ng tr∆∞·ªõc	6700.0
87	[Mua 1 t·∫∑ng 8]Asus Zenpad z8s t·∫∑ng bao da, c∆∞·ªùng l·ª±c, ƒë·∫ø d·ª±ng, d√°n 3 l·ªõp, tienganh123, luyenthi123, khƒÉn lau, free ship	4.9	53.0	95.0	2277440.0	99.0	49.0	3.0	0.0	0.0	0.0	30.0	20.0	thang144	181.0	54.0	96%	trong v√†i gi·ªù	4 nƒÉm tr∆∞·ªõc	296.0
88	M√°y T√≠nh B·∫£ng Apple iPad Gen 8 2020 32GB wifi - H√†ng Ch√≠nh H√£ng	5.0	22.0	46.0	9710000.0	66.0	22.0	0.0	0.0	0.0	0.0	16.0	9.0	shopdunk_official_store	208.0	75.0	96%	trong v√†i gi·ªù	5 th√°ng tr∆∞·ªõc	10200.0
89	[Nh·∫≠p ELSSMT800 gi·∫£m 800K] M√°y T√≠nh B·∫£ng Samsung Galaxy Tab A7 - H√£ng Ph√¢n Ph·ªëi Ch√≠nh Th·ª©c	4.7	37.0	101.0	6990000.0	145.0	33.0	0.0	1.0	0.0	2.0	22.0	14.0	samsung_official_store	20300.0	235.0	100%	trong v√†i gi·ªù	33 th√°ng tr∆∞·ªõc	80900.0
90	M√°y ƒë·ªçc s√°ch Kindle paperwhite gen 4 new nguy√™n seal 10th 2019	5.0	17.0	35.0	2800000.0	33.0	15.0	0.0	0.0	0.0	0.0	10.0	9.0	vbookshop	856.0	20.0	97%	trong v√†i ph√∫t	27 th√°ng tr∆∞·ªõc	908.0
91	M√°y ƒë·ªçc s√°ch Kindle Paperwhite Gen 4 (10th), m√†n h√¨nh 6'' 300PPI, Darkmode, ch·ªëng n∆∞·ªõc, audible, b·ªô nh·ªõ 8-32GB	5.0	19.0	278.0	2400000.0	19.0	19.0	0.0	0.0	0.0	0.0	16.0	10.0	kindlehanoi.vn	190.0	31.0	88%	trong v√†i gi·ªù	4 nƒÉm tr∆∞·ªõc	195.0
92	[Win10 + B√∫t Wacom] M√°y t√≠nh b·∫£ng 2 in 1 Lenovo Thinkpad 10 4GB RAM.	5.0	26.0	48.0	3890000.0	455.0	18.0	1.0	0.0	0.0	0.0	12.0	9.0	anhtutablets	1300.0	69.0	88%	trong v√†i gi·ªù	4 nƒÉm tr∆∞·ªõc	5200.0
93	[Win10 + B√∫t Wacom] M√°y t√≠nh b·∫£ng 2 in 1 Lenovo Thinkpad Helix 2 SSD.	4.8	20.0	34.0	6490000.0	113.0	19.0	0.0	0.0	1.0	0.0	16.0	9.0	anhtutablets	1300.0	69.0	88%	trong v√†i gi·ªù	4 nƒÉm tr∆∞·ªõc	5200.0
94	M√°y T√çnh B·∫£ng HUAWEI Matepad T8 2G/32G- Th·∫ª nh·ªõ ngo√†i 512GB	4.8	16.0	34.0	3140000.0	93.0	15.0	0.0	0.0	0.0	1.0	6.0	6.0	huawei_flagship_store	2400.0	38.0	100%	trong v√†i ph√∫t	26 th√°ng tr∆∞·ªõc	46500.0
95	[T·∫∑ng bao da]M√°y ƒë·ªçc s√°ch Kindle paperwhite gen 2 h√†ng c≈© m√°y ƒë·∫πp( c√≥ ƒë√®n n·ªÅn)	5.0	125.0	215.0	1330000.0	167.0	58.0	0.0	0.0	0.0	0.0	33.0	24.0	vbookshop	856.0	20.0	97%	trong v√†i ph√∫t	27 th√°ng tr∆∞·ªõc	908.0
96	[T·∫∑ng bao da ] M√°y ƒë·ªçc s√°ch kindle paperwhite 3 tr·∫Øng h√†ng used m√°y ƒë·∫πp ( c√≥ ƒë√®n n·ªÅn )	5.0	16.0	36.0	1700000.0	27.0	16.0	0.0	0.0	0.0	0.0	13.0	9.0	vbookshop	856.0	20.0	97%	trong v√†i ph√∫t	27 th√°ng tr∆∞·ªõc	908.0
97	iPad Air 1 - 16/ 32/ 64Gb (Wifi + 4G) - Zin ƒê·∫πp 99% Nh∆∞ M·ªõi (BH 6 th√°ng)	5.0	61.0	112.0	3890000.0	42400.0	38.0	0.0	0.0	0.0	0.0	23.0	12.0	beha1989	4600.0	222.0	97%	trong v√†i gi·ªù	5 nƒÉm tr∆∞·ªõc	76100.0
98	üéÅ M√°y t√≠nh b·∫£ng Samsung Tab A 8.0 Knox b·∫£n M·ªπ (Wifi+4G)	4.9	14.0	22.0	2088000.0	315.0	12.0	0.0	1.0	0.0	0.0	9.0	4.0	maytinhbanghaiphong	1600.0	72.0	95%	trong v√†i gi·ªù	13 th√°ng tr∆∞·ªõc	5400.0
99	M√°y t√≠nh b·∫£ng apple ipad mini 2 Rentina 7.9 inh ch√≠nh h√£ng 32/16gb h·ªó tr·ª£ b·∫£o h√†nh 12 th√°ng	5.0	15.0	54.0	1285000.0	387.0	15.0	0.0	0.0	0.0	0.0	9.0	3.0	duongbimbimm	1500.0	147.0	95%	trong v√†i gi·ªù	13 th√°ng tr∆∞·ªõc	8500.0
