id	rating	content
0	5	Qua test thá»­ máº¥y hÃ´m mÃ  tháº¥y má»i thá»© Ä‘á»u ok, mÃ u xanh Ä‘áº¹p láº¯m cháº£ lá»¡ mua á»‘p bá»c kÃ­n ná»¯a, lÃºc má»›i nháº­n hÆ¡i lo vÃ¬ bao bÃ¬ mÃ©o mÃ³, hÃ ng giÃ¡ trá»‹ náº¿u shop Ä‘Ã³ng há»™p cá»©ng hÆ¡n ná»¯a thÃ¬ tá»‘t
0	5	Ät ngon quÃ¡ mua xong háº¿t tiá»n hu hu :))) cáº£m Æ¡n shop nhiá»u nha :)))))
0	5	Báº¡n nÃ o cÃ²n Ä‘áº¯n Ä‘o suy nghÄ© nÃªn mua hay khÃ´ng thÃ¬ hÃ£y xem clip cá»§a mÃ¬nh nhÃ©!náº¿u cÃ³ thá»ƒ thÃ¬ hÃ£y cho mÃ¬nh má»™t like vÃ  cÅ©ng nhÆ° lÃ  Subscribe nha. Ã€ quÃªn ai muá»‘n mua PK Ä‘iá»‡n thoáº¡i thÃ¬ ghÃ© qua mÃ¬nh nhÃ© 
0	5	ÄÃ³ng gÃ³i cáº©n tháº­n, mÃ u xÃ¡m nhÆ°ng nhÃ¬n gÃ³c nÃ o cÅ©ng ra xanh ğŸ˜‚. ÄÆ°á»£c cÃ¡i cÃ³ á»‘p lÆ°ng kÃ¨m theo sáºµn nÃªn khÃ´ng sao. mÃ¬nh Ä‘á»•i 1 lÆ°á»£t 3 cÃ¡i xiaomi cá»§a 3 dÃ²ng khÃ¡c nhau. Hy vá»ng xÃ i tá»‘t
0	5	mÃ¬h sÄƒn Ä‘c giÃ¡ 3tr8 nÃªn mÃ¬h cho 5*NGONBá»”Ráºº,chá»© giÃ¡ bt thÃ¬ mÃ¬h k thix dÃ²g redmi cho láº¯m.Sau 14 ngÃ y dÃ¹g thÃ¬ mÃ¬h tháº¥y k xuáº¥t hiá»‡n lá»—i pháº§n má»m or cáº£m á»©g, pin má»›i thÃ¬ mÃ¡y nÃ o cÅ©g tháº¿ thÃ´i ,lÆ°á»›t vd fb 3h hÆ¡n tá»« 87 tá»¥t vá» 33%.loa rÃµ to lÆ°á»›t á»Ÿ ngoÃ i Ä‘Æ°á»g nghe rÃµ hÆ¡n ip6s.Chá»¥p xá»­ lÃ½ mÃ u áº£o nhÆ°g k giáº£ trÃ¢n
0	5	Nsnsjskskskskajjajjjjjjjjjjaoaiuxjsjajanajajajajajsjsjsjkxkcoahakjcstgabxkagshakcinchhwjwikwk
1	4	MÃ¡y vá» ngoÃ i Ä‘áº¹p má»›i Ä‘áº§u sá»­ dá»¥ng mÆ°á»£t nhÆ°ng Ä‘iá»‡n thoáº¡i khÃ´ng biáº¿t sao mÃ  vá»«a tiáº¿ng anh vá»«a tiáº¿ng viá»‡t khÃ´ng biáº¿t pháº£i hÃ ng chÃ­nh hÃ£ng khÃ´ng . Quáº£ng cÃ¡o mÃ¡y má»›i chÆ°a qua sá»­ dá»¥ng Ã¡ mÃ  giao lÃ  mÃ¡y cÅ© Ã 
1	5	MÃ¡y hÆ¡i bá»‹ bá»ƒ nháº¹, tráº§y xÆ°á»›c  á»Ÿ bÃªn viá»n.. MÃ¡y lÆ°á»›t cáº£m á»©ng nháº¡y. . Má»›i xÃ i táº¡m á»•n, vá» lÃ¢u dÃ i thÃ¬ chÆ°a biáº¿t nhÆ° tháº¿ nÃ o. 
1	5	giÃ¡ pháº£i chÄƒng mÃ¬nh mua cho máº¹ xÃ i nÃªn ráº¥t thÃ­ch há»£p , hÃ ng chÃ­nh hÃ£ng , cÃ¡m Æ¡n shop ğŸ‘
1	5	Shop giao hÃ ng ráº¥t ok,,sáº£n pháº©m Ä‘Æ°á»£c Ä‘Ã³ng gÃ³i ká»¹ ,giao hÃ ng Ä‘Ãºng háº¹n ,sáº£n pháº©m Ä‘áº¹p má»›i khÃ´ng tráº§y xÆ°á»›c ,cÃ¡c chá»©c nÄƒng hoáº¡t Ä‘á»™ng tá»‘t ,mÃ n hÃ¬nh sÃ¡ng Ä‘áº¹p ,cáº£m á»©ng nháº¡y lÆ°á»›t Ãªm Ã¡i,pin bá»ng xÃ i ráº¥t tá»‘t ,nÃ³i chung ráº¥t hoÃ n háº£o ,nhÃ¢n viÃªn shop nhiá»‡t tÃ¬nh ,vui váº» ,cháº¿ Ä‘á»™ háº­u mÃ£i cÅ©ng rÃµ rÃ ng láº¯m ,mÃ¬nh an tÃ¢
1	5	mÃ¬nh Ä‘Ã£ nháº­n hÃ ng Ä‘c 3 ngÃ y, xÃ i ráº¥t oke,mÃ¡y cáº§m tay tháº­t sang cháº£nh, cÃ¡c á»©ng dá»¥ng cháº¡y ráº¥t mÆ°á»£t, mÃ n hÃ¬nh cáº£m á»©ng nháº¡y, camera sáº¯t nÃ©t, WiFi máº¡nh lÃªn máº¡ng lÆ°á»›t web, xem phim chÆ¡i game báº¯n PUBG ráº¥t sÆ°á»›ng, nÃ³i chung lÃ  ráº¥t á»•n Ä‘á»‹nh, tháº­t Ä‘Ã¡ng Ä‘á»“ng tiá»n, mÃ¬nh yÃªn tÃ¢m khi mua sáº£n pháº©m cá»§a shop
1	5	shop uy tÃ­n, giao hÃ ng Ä‘Ãºng háº¹n cháº¥t lÆ°á»£ng Ä‘Ãºng nhÆ° quáº£ng cÃ¡o,mÃ¡y Ä‘áº¹p má»›i 99%, test qua cÃ¡c cÃ¡c chá»©c nÄƒng Ä‘á»u ráº¥t á»•n Ä‘á»‹nh, mÃ n hÃ¬nh cáº£m á»©ng nháº¡y, mÃ u sáº¯c rá»±c rá»¡ nhÆ° mong Ä‘á»£i, pin trÃ¢u bÃ² sáº¡c ráº¥t nhanh,cáº¥u hÃ¬nh máº¡nh máº½ lÃªn máº¡ng lÆ°á»›t web xem phim chÆ¡i game náº·ng ráº¥t oke, mÃ¬nh hÃ i lÃ²ng láº¯m
2	2	MÃ¡y hÆ¡i Ã¡m vÃ ng, lÆ°u hÃ¬nh, viá»n bá»‹ cáº¥n, tráº§y 2 chá»• trÃªn vÃ  dÆ°á»›i, pin cáº£m giÃ¡c nhanh háº¿t, cÃ²n láº¡i thÃ¬ ok, pháº£i dÃ¹ng má»™t thá»i gian ná»¯a má»›i biáº¿t
2	5	má»©c giÃ¡ sáº£n pháº©m ráº¥t tá»‘t. Ngoáº¡i hÃ¬nh Ä‘áº¹p, mÃ n hÃ¬nh sÃ¡ng, Ä‘áº¹p, hiá»ƒn thá»‹ sáº¯c nÃ©t. cáº¥u hÃ¬nh máº¡nh so vá»›i giÃ¡ tiá»n. chÆ¡i game ráº¥t mÆ°á»£t, Ã¢m thanh hay, chá»¥p hÃ¬nh Ä‘áº¹p, thÃªm ná»¯a lÃ  shop tÆ° váº¥n nhiá»‡t tÃ¬nh, rÃ©p tin nháº¯n ráº¥t nhanh. tÃ³m láº¡i á»Ÿ má»©c giÃ¡ nÃ y mÃ¬nh tháº¥y hÃ i lÃ²ng. á»§ng há»™ shop á»Ÿ Ä‘Æ¡n hÃ ng tiáº¿p theo. táº·ng
2	5	quÃ¡ Ä‘áº¹p, sáº£n pháº©m ráº¥t chuáº©n, shop giao hÃ ng Ä‘Ãºng háº¹n, test qua cÃ¡c chá»©c nÄƒng Ä‘á»u á»•n Ä‘á»‹nh mÃ n hÃ¬nh cáº£m á»©ng nháº¡y, mÃ u sáº¯c Ä‘áº¹p, wifi máº¡nh lÃªn máº¡ng chÆ¡i game lÆ°á»›t web xem phim ráº¥t mÆ°á»£t,camera sáº¯c nÃ©t,chá»¥p hÃ¬nh tá»± sÆ°á»›ng tuyá»‡t vá»i, nÃ³i chung mÃ¬nh ráº¥t vá»«a Ã½ vÃ  hÃ i lÃ²ng, cáº£m Æ¡n shop Ä‘Ã£ giao hÃ ng Ä‘Ãºng nhÆ° qu
2	5	quÃ¡ chuáº©n, shop giao hÃ ng nhanh, sáº£n pháº©m Ä‘áº¹p, cháº¥t lÆ°á»£ng thÃ¬ Ä‘Ãºng nhÆ° quáº£ng cÃ¡o,ráº¥t chuáº©n, nhÃ¢n viÃªn bÃ¡n hÃ ng nhiá»‡t tÃ¬nh, táº­n tÃ¢m vá»›i khÃ¡ch hÃ ng, shop tháº­t uy tÃ­n, mÃ¬nh sáº½ giá»›i thiá»‡u shop Ä‘áº¿n vá»›i báº¡n bÃ¨ vÃ  ngÆ°á»i thÃ¢n, tháº­t vá»«a Ã½ vÃ  an tÃ¢m khi sá»­ dá»¥ng sáº£n pháº©m cá»§a shop
2	5	mÃ¡y Ä‘áº¹p, cÃ¡c á»©ng dá»¥ng hoáº¡t Ä‘á»™ng tá»‘t, mÃ n hÃ¬nh cáº£m á»©ng nháº¡y, mÃ u sáº¯c Ä‘áº¹p sÃ¡ng, camera sáº¯c nÃ©t,shop uy tÃ­n giao hÃ ng nhanh vÃ  Ä‘Ãºng háº¹n, sáº£n pháº©m Ä‘Ã³ng gÃ³i cháº¯c cháº¯n,nhÃ¢n viÃªn nhiá»‡t tÃ¬nh , mÃ¬nh ráº¥t an tÃ¢m vÃ  hÃ i lÃ²ng vá»«a Ã½, anh em nÃªn mua sáº£n pháº©m cá»§a shop
2	5	mÃ¬nh Ä‘ang sá»­ dá»¥ng sáº£n pháº©m nÃ y tháº­t sá»± ráº¥t tá»‘t. hiá»‡u nÄƒng vÃ  hiá»‡u á»©ng chuyá»ƒn cáº£nh Ä‘áº¹p. Ä‘Ã£ test chÆ°a tháº¥y lá»—i gÃ¬ MÃ¬nh mua Chá»§ yáº¿u Ä‘á»ƒ chÆ¡i game tháº¥y chÆ¡i game ngon. NÃ³i chung lÃ  tá»‘t..... perfect
3	5	Sáº£n pháº©m tá»‘t vá»±ot mong Ä‘á»£i mÃ¡y ok  cáº£m Æ¡n anh shop nhiÃªt tÃ¬nh
3	5	Ä‘iá»‡n thoáº¡i sÃ i thÃ­ch quÃ¡ nhÃ  shop. hÃ ng chuáº©n cháº¥t lÆ°á»£ng. full chá»©c nÄƒng. sÃ i bá»n. Ä‘áº¹p. mÃ¡y má»›i. loa mÃ­c bá» sim vÃ o nghe gá»i to rÃµ. sÃ³ng máº¡nh. pin trÃ¢u. cÃ¡p sáº¡c phá»¥ kiá»‡n Ä‘áº§y Ä‘á»§. giao hÃ ng nhanh. shipper nhiá»‡t tÃ¬nh. tÆ° váº¥n nhiá»‡t tÃ¬nh thÃ¢n thiá»‡n chá»© Ä‘Ã¡o lá»‹ch sá»± vá»›i khÃ¡ch. giao Ä‘Ãºng mÃ u Ä‘Ãºng máº«u. ráº¥t c
3	5	nháº­n hÃ ng rá»“i shop Æ¡i. giao hÃ ng nhanh quÃ¡. áº£nh shipper vui tÃ­nh hÃ¨. giao hÃ ng vui váº». shop Ä‘Ã³ng hÃ ng cáº©n tháº­n quÃ¡. bÃ¡o bá»c ráº¥t kÄ© lÆ°á»¡ng luÃ´n. cÃ¡p sáº¡c phá»¥ kiá»‡n Ä‘áº§y Ä‘á»§. nháº­n mÃ¡y test mÃ¡y bá» sim vÃ o nghe gá»i tá»‘t. sÃ³ng Ä‘áº§y. loa mÃ­c nghe gá»i to rÃµ. pin cá»±c trÃ¢u Ã­.sáº£n pháº©m tá»‘t. Ä‘áº§y Ä‘á»§ chá»©c nÄƒng hoáº¡t Ä‘á»™ng
3	5	Ä‘iá»‡n thoáº¡i ko chá»‰ ráº» bá»n Ä‘áº¹p mÃ  cháº¥t lÆ°á»£ng. vÃ´ tÃ¬nh lÆ°á»›t mua hÃ ng nhÆ°ng tháº¥y má»i ng nÃ³i cháº¥t lÆ°á»£ng sáº£n pháº©m Ä‘iá»‡n thoáº¡i tá»‘t nÃªn mua sá»­ dá»¥ng. test loa mÃ­c nghe to rÃµ. nháº­n sim ngay. sÃ³ng á»•n Ä‘á»‹nh. Ä‘Æ°á»ng truyá»n tá»‘t. sáº¡c cÃ¡p dáº§y Ä‘á»§. giÃ¡o Ä‘Ãºng máº«u Ä‘Ãºng mÃ u. giao hÃ ng nhanh. Ä‘Ã³ng gÃ³i cáº©n tháº­n. tháº¥y
3	5	Giao hÃ ng nhanh, Ä‘áº·t mua 12.12 sale thÃ¬ 13.12 nháº­n á»Ÿ HCM.. Chá»‰ cÃ³ Ä‘t vÃ  sáº¡c, k box Nokia.
3	1	K hiá»ƒu sao má»i ng váº«n cho 5 sao Ä‘c luÃ´n giao sÃ i mÃ u oke k sao nhÆ°ng thÃ¡i Ä‘á»™ phá»¥c vá»¥ shop quÃ¡ kÃ©m 
4	5	Giao hÃ ng hÆ¡i lÃ¢. ChÆ°a bÃ³c gÃ³i hÃ ng nÃªn k biáº¿t hÃ ng hoÃ¡ ra sao ná»¯a 
4	5	e Ä‘aÌƒ nhÃ¢Ì£n haÌ€ng nha shop . maÌy rÃ¢Ìt deph . mÃ¡y bao gá»“m pin vÃ  sáº¡c ráº¥t ráº» vÃ  mÃ¡y xÃ i ráº¥t ok .....
4	5	Nhá» gá»n nghe gá»i ok. Ráº¥t hÃ i lÃ²ng khi nháº­n Ä‘uá»£c mÃ¡y..
4	5	ÄÃ£ nháº­n sáº£n phÃ¢m 1 thÃ¡mg xÃ i váº«n á»•n cáº£m Æ¡n shop. 
4	5	nháº­n mÃ¡y xong mÃ¬nh thá»­ mÃ¡y luÃ´n. cháº¥t luá»£ng trÃªn ca tuyá»‡t vá»i. cÆ¡ bÃ¡n gáº·p cÃ¡i shop bÃ¡n hÃ ng cÃ³ tÃ¢m Ä‘áº¥y. test mÃ¡y tháº¥y nhÆ° sau. cá»™t sÃ³ng 4 váº¡ch cÄƒng Ä‘Ã©t. thá»­ sim láº¯p vÃ o gá»i nghe to rÃµ. loa mÃ­c tá»‘t. sáº¡c cÃ¡p tai nghe phá»¥ kiá»‡n Ä‘áº§y Ä‘á»§. mua online mÃ  gÄƒp Ä‘c cÃ¡i shop nÃ y chá»‰ Ä‘c nháº­n mÃ¡y xá»‹n má»‹n
4	5	má»›i nháº­n Ä‘c ÄT á»©ng Ã½ qua shop. Má»i thá»© Ä‘á»u OK háº¿t. loa Mic nghe to rÃµ. bÃ n phÃ­m báº¥m cá»±c kÃ¬ nháº¹m. shop tá»« váº¥n nhiá»‡t tÃ¬nh vÃ  thÃ¢n thiá»‡n. giao hÃ ng nhanh chÃ³ng. Ä‘Ã³ng gÃ³i cáº©n tháº­n. mua online mÃ  Ä‘c gáº·p shop quáº£ lÃ  ráº¥t thÃ­ch luÃ´n. chÃºc shop ngÃ y cÃ ng thÃ nh cÃ´ng buá»“n bÃ¡n thuáº­n lá»£i. vote 5 sao
5	5	Giao hÃ ng nhanh. Giao Ä‘Ãºng mÃ u ok. MÃ¡y cÃ²n má»›i Ä‘áº¹p. NhÆ°ng mÃ n hÃ¬nh hÆ¡i bá»‹ bong tÃ­ khÃ´ng Ä‘áº¹p láº¯m. Cháº¯c keo khÃ´ng Äƒn nÃªn mÃ n hÃ¬nh hÆ¡i bá»‹ bong nháº¹. CÃ²n láº¡i á»•n cáº£. NÃ³i chung cho 5sao.. 9191929293893929w929292829299q299Â²2992
5	4	Má»i thá»© Ä‘á»u ok chá»‰ Ä‘iá»ƒm trá»« lÃ  3 phÃ­m hÃ ng dÆ°á»›i cÃ¹ng nÃ³ lá»‡ch lá»‡ch sao Ã¡. NÃºt * lá»‡ch khÃ³ báº¥m láº¯m. NhÆ°ng mÃ¡y ok nÃªn thÃ´i táº¡m cho 4sao nhen
5	5	Nghe rÃµ song máº¡nh thiáº¿t ke nhá» gá»n cho nguá»i Ä‘i Ä‘á»«omg dÃ¹ng ráº¥t tin lá»£i.. 
5	5	Cháº¥t lÆ°á»£ng sá»‘ 1, khÃ´ng cÃ³ váº¿t xÆ°á»›c nÃªn mua ğŸ¤©ğŸ¤©â˜¹ï¸ğŸ¤©ğŸ¤©ğŸ¤©ğŸ¤©ğŸ¤©ğŸ¤©ğŸ¤©ğŸ¤©ğŸ¤©ğŸ¤©ğŸ¤©â˜ºï¸
5	5	Pin ráº¥t trÃ¢u. Sáº£n pháº©m Ä‘áº¹p giao nhanh nghe gá»i rÃµ rÃ ng shop uy tin nhiÃªt tÃ¬nh khi giao hÃ ng.. 
5	2	MÃ n hÃ¬nh hiá»‡n thá»‹ Ä‘áº§y 5 cá»¥c pin mÃ  lÃ¢u lÃ¢u mÃ¡y cá»© bÃ¡o pin yáº¿u háº¿t pin cÃºp nguá»“n. BÃ¡o shop shop cá»© báº£o sáº¡c Ä‘i,sáº¡c cáº£ ngÃ y rÃºt ra n cÅ©ng váº­y. Pin yáº¿u cÃºp nguá»“n. KhÃ´ng láº» giá» muá»‘n sá»­ dá»¥ng Ä‘iá»‡n thoáº¡i pháº£i vá»«a sáº¡c vá»«a dÃ¹ng?????
6	5	MÃ¡y Ä‘áº¹p xÃ i tá»‘t sáº¡c nhanh  shop uy tin máº«u Ä‘áº¹p.. 
6	5	mua online nhÆ°ng gáº·p dc shop bÃ¡n hÃ ng cháº¥t luá»£ng uy tÃ­n nÃªn minh ráº¥t Æ°ng Ã½ vÃ  hÃ i lÃ²ng. tÆ° váº¥n nhiá»‡t tÃ¬nh.giao hÃ ng thÃ¬ nhanh chÃ³ng. Ä‘Ã³ng gÃ³i cáº©n tháº­n. bao bá»c kÄ© cÃ ng. phá»¥ kiá»‡n Ä‘áº§y Ä‘á»§. cÃ¡p sáº¡c tai nghe. Ä‘iá»‡n thoáº¡i minh Ä‘Ã£ thá»­ vÃ  sÃ i ráº¥t tá»‘t. loa mÃ­c to rÃµ rÃ ng. bao phÃ­m báº¥m ráº¥t nháº¹m. nÃ³i chung mua 
6	5	Ä‘iá»‡n thoáº¡i Ä‘áº¹p. mÃ¡y zin cá»©ng. mÃ¡y Ä‘áº¹p. ko tráº§y xÆ°á»›c. bao bá»c hÃ ng kÄ© lÆ°á»¡ng. full chá»©c nÄƒng. mÃ¡y nháº­n sim ngay. loa mÃ­c to. Ä‘Æ°á»ng truyá»n á»•n Ä‘á»‹nh. káº¿t ná»‘i nhanh. mua online nhÆ° váº­y quÃ¡ tá»‘t. nháº­n hÃ ng nhÆ° shop tÆ° váº¥n. nÃ³i chung hÃ i lÃ²ng.bÃ¡n hÃ ng cÃ³ tÃ¢m chu Ä‘Ã¡o. thÃ¢n thiá»‡n vá»›i khÃ¡ch hÃ ng.
6	5	Ngoáº¡i hÃ¬nh Ä‘áº¹p mÃ¡y má»›i full chá»©c nÄƒng tÃ´i Ä‘Ã£ test loa mic khÃ¡ á»•n . GiÃ¡ tháº¿ nÃ y kÃ¨m Ä‘á»§ pin sáº¡c lÃ  ok rá»“i ğŸ‘ŒğŸ‘Œ k nÃªn Ä‘Ã²i há»i quÃ¡ nhiá»u .chÃºc shop vui khá»e 
6	5	Nokia 1280 hot tu xua toi nay bao nhieu nam roi ma xai van ok . Hai long
6	5	ï¿¼ï¿¼ï¿¼ï¿¼ï¿¼. . mÃ¡y Ä‘áº¹p chÃ­nh hÃ£ng, sá»­ dá»¥ng ráº¥t tá»‘t cÃ¡c chá»©c nÄƒng, phÃ­m báº¥m cá»±c nháº¡y ,shop nhiá»‡t tÃ¬nh tÆ° váº¥n cÃ³ chÃ­nh sÃ¡ch báº£o hÃ nh rÃµ rÃ ng, Ä‘áº¿n giá» Ä‘á»u hÃ i lÃ²ng vá» má»i thá»©, nÃªn táº·ng 5 sao cho shop luÃ´n nha
7	5	Giao hÃ ng nhanh,Ä‘Ã³ng gÃ³i ká»¹,nhÆ°ng bÃªn giao hÃ ng lÃ m há»™p mÃ³p ráº¥t sá»£ mÃ¡y bá»‹ hÆ°..hÃªn mÃ¡y ko sao
7	3	Gáº¯n sim má»¡ nguá»“n lÃ  táº¯t , khÃ´ng hiá»ƒu kiá»ƒu gÃ¬ luÃ´n
7	5	mÃ¡y Ä‘áº¹p quÃ¡ shop. nháº­n mÃ¡y thá»­ sim vÃ o luÃ´n. mÃ¡y nghe gá»i to rÃµ. sÃ³ng tá»‘t. truy cáº­p nháº­n sim ngay. loa mÃ­c nge nÃ³i to rÃµ. Ä‘Æ°á»ng truyá»n á»•n Ä‘á»‹nh. hÃ i lÃ²ng vá» sáº£n pháº©m nÃ y. Ä‘Ãºng nhÆ° shop tÆ° váº¥n. cháº¥t lÆ°á»£ng vá» sáº£n pháº©m mÃ  cháº¥t lÆ°á»£ng vá» mÃ¡y ná»¯a. cÃ¡p sáº¡c phá»¥ kiá»‡n Ä‘áº§y Ä‘á»§. Ä‘Ã³ng hÃ ng bao bá»c kÄ©. giao Ä‘Ãºng máº«
7	5	mÃ¡y Ä‘áº¹p nhÆ° máº«u cÃ²n má»›i keng giÃ¡ quÃ¡ há»i nÃºt báº¥m rá» háº¿t dÃ¹ng 1 tuáº§n nay tháº¥y á»•n láº¯m nghe gá»i tá»‘t áº¡, cac chá»©c nÄƒng cÆ¡ báº£n sp Ä‘á»u Ä‘Ã¡p á»©ng Ä‘c, nháº¹ nhá» tiá»‡n lá»£i, báº¯t sÃ³ng Ä‘áº·c biá»‡t máº¡nh cáº£m Æ¡n shop cÃ³ dá»‹p sáº½ á»§ng há»™
7	5	mÃ¡y Ä‘áº¹p,shop uy tÃ­n giao hÃ ng nhanh vÃ  Ä‘Ãºng háº¹n, sáº£n pháº©m Ä‘Ã³ng gÃ³i cháº¯c cháº¯n,nhÃ¢n viÃªn nhiá»‡t tÃ¬nh , mÃ¬nh ráº¥t an tÃ¢m vÃ  hÃ i lÃ²ng vá»«a Ã½, anh em nÃªn mua sáº£n pháº©m cá»§a shop
7	5	giao hÃ ng Ä‘Ãºng nhÆ° giá»›i thiá»‡u sáº£n pháº©m Ä‘á»§ pin, sáº¡c trÆ°á»›c máº¯t dÃ¹ng thá»­ ráº¥t OK cÃ²n Ä‘á»™ bá»n qua thá»i gian ná»¯a má»›i Ä‘Ã¡nh giÃ¡ Ä‘Æ°á»£c thanks shop xá»©ng Ä‘Ã¡ng 5 sao dÃ nh cho shop
8	5	mua láº§n thá»© máº¥y rá»“i ko nhá»› ná»¯a. toÃ n mua giÃºp ngÆ°á»i thÃ¢n báº¡n bÃ¨. vÃ¬ Ä‘t sÃ i ráº¥t tá»‘t. bá»n. Ä‘áº¹p. full chá»©c nÄƒng. mua online nhÆ°ng tin tÆ°á»Ÿng shop uy tÃ­n. mÃ  pháº£i cÃ´ng nháº­n bÃ¡n hÃ ng quÃ¡ cÃ³ tÃ¢m. chÆ°a láº§n nÃ o mÃ¬nh mua mÃ  pháº£i tháº¥t vá»ng cáº£. rÃ¢tt hÃ i lÃ²ng tá»« Ä‘Ã³g gÃ³i. tá»›i giao hÃ ng. giÃ¡o hÃ ng nhanh. Ä‘Ã³ng hÃ ng
8	5	nháº­n Ä‘iá»‡n thoáº¡i rá»“i nhÃ© shop. Ä‘Ãºng lÃ  mua 10 cÃ¡i cÅ©ng yÃªn tÃ¢m. bÃ¡n bÃ ng ráº¥t cÃ³ tÃ¢m. láº§n nÃ o nháº­n hÃ ng cÅ©ng Æ°ng Ã½. Ä‘iá»‡n thoáº¡i loa mÃ­c nge to rÃµ. sÃ³ng 4 cá»¥c luÃ´n Ä‘áº§y. phá»¥ kiá»‡n Ä‘i kÃ¨m Ä‘Ã¢y Ä‘á»§. cÃ¡p sáº¡c tai nghe. nÃ³i chung mua cÃ¡i shop nÃ y láº§n nÃ o cÅ©ng hÃ i lÃ²ng. bÃ¡n hÃ ng cÃ³ tÃ¢m gÃ¬ Ä‘Ã¢u luÃ´n Ã¡. chÃºc shop 
8	5	Ä‘iá»‡n thoáº¡i sÃ i thÃ­ch quÃ¡ shop. bá» sim vÃ o thá»­ nghe gá»i to rÃµ. sÃ³ng tá»‘t. loa mÃ­c nÃ³i nghe ok láº¯m luÃ´n shop.shop tÆ° váº¥n nhiá»‡t tÃ¬nh nÃ¨. giao hÃ ng Ä‘Ã³ng gÃ³i váº©n tháº­n. anh shiper giao hÃ ng vui váº». hi.vote 5*
8	5	mÃ¡y Ä‘áº¹p cÃ¡c á»©ng dá»¥ng hoáº¡t Ä‘á»™ng ráº¥t tá»‘t,cháº¥t lg Ä‘Ãºng nhÆ° shop quáº£ng cÃ¡o vá»«a Ã½ mÃ¬nh, phá»¥c vá»¥ tá»‘t, giao hÃ ng nhanh, cháº¿ dá»™ báº£o hÃ nh rá» rÃ ng, shop Ä‘Ã¡ng Ä‘c Ä‘Ã¡nh giÃ¡ 5 sao
8	5	MÃ¡y Ä‘áº¹p thiáº¿t káº¿ gá»n,nghe gá»i rÃµ hÆ¡n con mÃ¬ xÃ o á»Ÿ nhÃ  mÃ  giÃ¡ thÆ¡m ná»¯a, giá» xÃ i mÃ¡y nokia tháº¥y ghiá»n lun shop, má»‘t mua ná»¯a nhá»› cho giáº£m giÃ¡ shop oi!
8	5	NhÃ¢n viÃªn giao hÃ ng thÃ¢n thiá»‡n shop uy tÃ­n . Cáº£m Æ¡n shop
9	5	MaÌy Ä‘eÌ£p.caÌ‰m Æ°Ìng mÆ°Æ¡Ì£t maÌ€, maÌy chaÌ£y mÆ°Æ¡Ì£t , chÆ¡i game ngon, ChuÌ£p hiÌ€nh Ä‘eÌ£p, moÌ£i thÆ°Ì hoaÌ£t Ä‘Ã´Ì£ng tÃ´Ìt. MaÌy Ä‘eÌ£p hÆ¡n quaÌ‰ng caÌo Ä‘oÌng goÌi cÃ¢Ì‰n thÃ¢Ì£n ,shop uy tiÌn . nhiÃªÌ£t tiÌ€nh chu Ä‘aÌo.chÃ´Ìt laÌ£i laÌ€ khaÌ haÌ€i loÌ€ng
9	5	tháº­t báº¥t ngá», shop giao hÃ ng quÃ¡ cháº¥t lÆ°á»£ng, mÃ¡y Ä‘áº¹p, mÃ n hÃ¬nh sÃ¡ng vÃ  sáº¯c sáº£o, cÃ¡c á»©ng dá»¥ng á»•n Ä‘á»‹nh,cáº£m á»©ng nháº¡y, nÃ³i chung lÃ  cháº¥t lÆ°á»£ng sáº£n pháº©m ráº¥t tá»‘t, vá»«a Ã½ mÃ¬nh láº¯m shop Æ¡i, nhÃ¢n viÃªn shop nhiá»‡t tÃ¬nh, háº¿t lÃ²ng vá»›i khÃ¡ch hÃ ng, cháº¿ Ä‘á»™ háº­u mÃ£i tá»‘t,mÃ¬nh sáº½ á»§ng há»™ háº¿t mÃ¬nh vá»›i shop vÃ  giá»›i thiá»‡u
9	5	shop uy tÃ­n, giao hÃ ng Ä‘Ãºng háº¹n, test xong cÃ¡c á»©ng dá»¥ng cháº¡y ráº¥t Ãªm, cáº£m á»©ng nháº¡y, chÆ¡i game lÆ°á»›t web xem phim ráº¥t mÆ°á»£t, nhÃ¢n viÃªn shop phá»¥c vá»¥ chuyÃªn nghiá»‡p,, táº­n tÃ¢m vá»›i khÃ¡ch hÃ ng, mÃ¬nh hÃ i lÃ²ng vÃ  ráº¥t thÃ­ch, ğŸ‘ Ä‘Ã¡nh giÃ¡ 5 sao....ğŸ‘
9	5	shop uy tÃ­n, giao hÃ ng Ä‘Ãºng háº¹n, test xong cÃ¡c á»©ng dá»¥ng cháº¡y ráº¥t Ãªm, cáº£m á»©ng nháº¡y, chÆ¡i game lÆ°á»›t web xem phim ráº¥t mÆ°á»£t, nhÃ¢n viÃªn shop phá»¥c vá»¥ chuyÃªn nghiá»‡p,, táº­n tÃ¢m vá»›i khÃ¡ch hÃ ng, mÃ¬nh hÃ i lÃ²ng vÃ  ráº¥t thÃ­ch, ğŸ‘ Ä‘Ã¡nh giÃ¡ 5 sao....ğŸ‘
9	5	mÃ¡y giao Ä‘á»©ng quáº£ng cÃ¡o cháº¡y mÆ°á»£t , mÃ n hÃ¬nh trÃ n viá»n nhÃ¬n siÃªu Ä‘áº¹p , nhÃ¢n viÃªn giao hÃ ng nhanh má»›i Ä‘áº·t hÃ´m qua nay Ä‘Ã£ nháº­n , cÃ¡p sáº¡c Ä‘áº§y Ä‘á»§ , hÃ ng tá»‘t trong táº§m giÃ¡ , shop uy tÃ­n
9	5	Ä‘Ãºng nhÆ° nhá»¯ng gÃ¬ báº¡n bÃ¨ giá»›i thiá»‡u vÃ  shop quáº£ng cÃ¡o, mÃ¡y Ä‘áº¹p khÃ´ng tÃ¬ váº¿t, má»›i tin ,cáº¥u hÃ¬nh máº¡nh máº½, chá»¥p hÃ¬nh Ä‘áº¹p, mÃ n hÃ¬nh cáº£m á»©ng lÆ°á»›t Ãªm Ã¡i, káº¿t cáº¥u ráº¥t hoÃ n thiá»‡n + shop uy tÃ­n giao hÃ ng Ä‘Ãºng háº¹n cháº¿ Ä‘á»™ háº­u mÃ£i rÃµ rÃ ng, mÃ¬nh yÃªn tÃ¢m sá»­ dá»¥ng sáº£n pháº©m cá»§a shop ,cáº£m Æ¡n shop chÃºc shop cÃ³ thÃªm nh
10	5	Shop Ä‘ong goi ká»¹ cÃ ng nghe gá»i tá»‘t. 
10	5	Ráº¡ng ngoi Ã´ng máº·t troi 
10	5	Ä‘iá»‡n thoáº¡i sÃ i thÃ­ch quÃ¡ shop. giao hÃ ng nhanh. Ä‘Ã³ng hÃ ng cáº©n tháº­n quÃ¡. bao bá»c ká»‰ cÃ ng. test mÃ¡y thÃ¬ mÃ¬nh tháº¥y nhÆ° sau. bá» sim vÃ  gá»i loa mÃ­c nghe rÃµ rÃ ng. sÃ³ng Ä‘áº§y luÃ´n. phá»¥ kiá»‡n cÃ¡p sáº¡c tai nghe Ä‘áº§y Ä‘á»§. nÃ³i chung mua online gáº·p dc shop tÆ° váº¥n rÃµ rÃ ng. nhiá»‡t tÃ¬nh. nÃ³i chung mua online gáº·p shop lÃ  
10	5	Ä‘Ã£ test mÃ¡y , ráº¥t tá»‘t ráº¥t hÃ i lÃ²ng, loa toa sÃ³ng khá»e shop giao hÃ ng nhanh nhÃ¢n viÃªn tÆ° váº¥n nhiá»‡t tÃ¬nh, sáº£n pháº©m Ä‘Ãºng chÃ­nh hÃ£ng, sim sÃ³ng á»•n Ä‘á»‹nh, sáº£n pháº©m tá»‘t giÃ¡ cÅ©ng tá»‘t,tÃ³m láº¡i hÃ i lÃ²ng vá» sáº£n pháº©m vÃ  shop, sáº½ luÃ´n tun tÆ°á»Ÿng vÃ  á»§ng há»™ shop
10	5	con mÃ¡y khÃ¡ Ä‘áº¹p giao hÃ ng nhanh chÃº giao hÃ ng vui tÃ­nh nháº­n mÃ¡y lÃ  lÃªn táº·ng sao ngay mÃ¬nh Ä‘Ã£ Ä‘áº·t thÃªm cÃ¡i iphone 4 xem tháº¿ nÃ o mong cÅ©ng Ä‘Æ°á»£c nhÆ° con nÃ y náº¿u tá»‘t mÃ¬nh sáº½ giá»›i thiá»‡u cho báº¡n bÃ¨ mong shop lá»±a mÃ¡y tá»‘t cho mÃ¬nh
10	1	láº§n Ä‘áº§u mua thá»³ gá»­i nháº§m sáº¡c. láº§n 2 gá»­i thá»³ gá»­i nháº§m mÃ¡y. láº§n 3 gá»­i thyd gá»­i nháº§m mÃ u? vÃ  káº¿t quáº£ 1 mÃ¡y k dÃ¹ng dc 
11	5	mÃ¡y Ä‘áº¹p / cáº§m cháº¯c tay . chá»¥p hÃ¬nh nÃ©t , mÃ¬nh ráº¥t thÃ­ch shop nhiá»‡t tÃ¬nh. chu Ä‘Ã¡o . sáº£n pháº©m cÅ©ng ok hÃ i lÃ²ng ... mÃ¡y Ä‘áº¹p / cáº§m cháº¯c tay . chá»¥p hÃ¬nh nÃ©t , mÃ¬nh ráº¥t thÃ­chshop nhiá»‡t tÃ¬nh. chu Ä‘Ã¡o . sáº£n pháº©m cÅ©ng ok hÃ i lÃ²ng mÃ¡y Ä‘áº¹p / cáº§m cháº¯c tay . chá»¥p hÃ¬nh nÃ©t , mÃ¬nh ráº¥t thÃ­ch shop nhiá»‡t tÃ¬nh. chu Ä‘Ã¡
11	5	mÃ¡y Ä‘áº¹p , giÃ¡o hÃ nh nhanh , Ä‘Ã³ng gÃ³i cáº©n tháº­n , chá»¥p hÃ¬nh nÃ©t , mÃ¡y nhÃ¬n cá»©ng , cáº§m cháº¯c tay , mÆ°á»£t , nghá»‡ gá»i to rÃµ rÃ ng , cáº£m Æ¡n shop mÃ¡y Ä‘áº¹p , giÃ¡o hÃ nh nhanh , Ä‘Ã³ng gÃ³i cáº©n tháº­n , chá»¥p hÃ¬nh nÃ©t , mÃ¡y nhÃ¬n cá»©ng , cáº§m cháº¯c tay , mÆ°á»£t , nghá»‡ gá»i to rÃµ rÃ ng , cáº£m Æ¡n shop mÃ¡y Ä‘áº¹p , giÃ¡o hÃ nh nhanh , 
11	5	TÃ´i lÃ  má»™t bÃ  máº¹ á»Ÿ nhÃ  ná»™i trá»£ vÃ  kinh doanh. TÃ´i bÃ¡n hÃ ng onl nÃªn tÃ´i cáº§n sá»­ dá»¥ng Ä‘iá»‡n thoáº¡i hÃ ng ngÃ y. TÃ´i Ä‘Ã£ sá»­ dá»¥ng ráº¥t nhiá»u cÃ¡c loáº¡i Ä‘iá»‡n thoáº¡i khÃ¡c nhau . Má»—i mÃ¡y cÃ³ má»™t tÃ­nh nÄƒng khÃ¡c nhau. NhÆ°ng loáº¡i mÃ¡y mÃ  tÃ´i chá»n Ä‘Ã³ lÃ  chiáº¿c Samsung Galaxy S6 vÃ¬ nÃ³ ráº¥t Ä‘áº¹p, tá»‘t, pin trÃ¢u
11	5	shop nhiá»‡t tÃ¬nh. chu Ä‘Ã¡o . sáº£n pháº©m cÅ©ng ok hÃ i lÃ²ng ... mÃ¡y Ä‘áº¹p / cáº§m cháº¯c tay . chá»¥p hÃ¬nh nÃ©t , mÃ¬nh ráº¥t thÃ­chshop nhiá»‡t tÃ¬nh. chu Ä‘Ã¡o . sáº£n pháº©m cÅ©ng ok hÃ i lÃ²ng
11	5	Mua shopped lÃ  uy tÃ­n nháº¥t . MÃ¬nh chá»‰ tin dÃ¹ng vÃ o shopped thÃ´i.. 
11	5	Cháº¥t lÆ°á»£ng tuyá»‡t vá»i nguyÃªn zin ğŸ‘. MÃ¡y chuáº©n nghe gá»i tá»‘t. Giao hÃ ng nhanh . Shop uy tÃ­n quáº£ng cÃ¡o Ä‘Ãºng sp
12	5	HÃ ng Ä‘Æ°á»£c Ä‘Ã³ng gÃ³i cáº©n tháº­n. Äáº§y Ä‘á»§ mÃ¡y, pin, sáº¡c, táº¥t cáº£ Ä‘á»u má»›i nhÆ° quáº£ng cÃ¡o. Vá» cháº¥t lÆ°á»£ng thÃ¬ khÃ¡ ok. MÃ¬nh má»›i láº¥y vá» sá»­ dá»¥ng 3 ngÃ y, chÆ°a tháº¥y lá»—i gÃ¬. Nghe gá»i rÃµ.
12	5	Ä‘Ã£ mua 2 con vÃ  mÃ¬nh ráº¥t thÃ­ch. Cá»±c hÃ i lÃ²ng vá» sáº£n pháº£m, Nokia thi cháº¥t luá»£ng sáº£n pháº©m quÃ¡ ngon rá»“i, shop phá»¥c vá»¥ quÃ¡ lÃ  nhiá»‡t tÃ¬nh. CÃ³ chÃºt nháº§n láº«n vÃ  shop há»— trá»£ nhiá»‡t tÃ¬nh. Giao hÃ ng quÃ¡ nhanh, quÃ¡ nguy hiá»ƒm hihi Shop nÃ y tháº¥y ok nÃ¨. Tuyá»‡t Vá»i
12	5	Ä‘Ã£ nháº­n Ä‘Æ°á»£c hÃ ng hÃ ng nhÆ° quáº£ng cÃ¡o Ä‘Ã³ng gÃ³i ráº¥t ká»¹ giao hÃ ng nhanh Ä‘áº·t hÃ´m trÆ°á»›c hÃ´m sau cÃ³ hÃ ng rá»“i quÃ¡ tuyá»‡t vá»i
12	5	sáº£n pháº©m ráº¥t ok mÃ¡y Ä‘áº¹p pin sáº¡c cháº¥t lÆ°á»£ng mn nÃªn mua shop nÃ y ráº¥t uy tÃ­n vÃ  cháº¥t lÆ°á»£ng ! 
12	5	mÃ¡y ok k váº¥n Ä‘á» gÃ¬ cáº£.ráº¥t há»£p vá»›i tÃºi tiá»n.tks shop
12	5	cháº¥t lÆ°á»£ng tuyá»‡t vá»i, mÃ u sáº¯c Ä‘áº¹p, , nhÃ¢n viÃªn táº­n tÃ¬nh, phá»¥c vá»¥ tá»‘t ráº¥t áº¥n tÆ°á»£ng, sáº½ giá»›i thiá»‡u báº¡n bÃ¨ ngÆ°á»i thÃ¢n á»§ng há»™ shop
13	5	MÃ¬nh chÆ°a dÃ¹ng má»›i Ä‘áº­p há»™p thÃ´i, giao hÃ ng nhanh vÃ  cáº©n tháº­n. Hy vá»ng dÃ¹ng tá»‘t 
13	5	Äiá»‡n thoáº¡i tá»‘t, cháº¥t lÆ°á»£ng tuyá»‡t vá»i, shop gÃ³i hÃ ng cháº¯c cháº¯n, giao nhanh.
13	5	MÃ¡y Ä‘áº¹p, dÃ¹ng tá»‘t, giÃ¡ ráº», nhÃ¢n viÃªn giao hÃ ng thÃ¢n thiá»‡n
13	5	Ã gbkklvjkjghcvklbktsgrikgjfdjhdtjoyiyititotuyoydurupityeoyukgj
13	5	
13	5	HÃ¬nh áº£nh khÃ¡ ok, cÃ²n chÆ°a biáº¿t sd nhÆ° nÃ o. Hi vá»ng sáº½ tá»‘t 
14	5	Mua nhiá»u láº§n nÃªn yÃªn tÃ¢m láº¯m. Báº£o hÃ nh cá»±c tá»‘t. Okkkkkkkkkkkkkkkkkkkkkkkkkk
14	5	Okkkkkkkkkkkkkkkkkkkkkkkkkkkkkkkkkkkkkkkkkkkkkkkkkkkkkkkkkkkk
14	5	Sáº£n pháº©m ráº¥t ok giao hÃ ng nhanh chÃ³ng ! Thank shop nha sáº½ á»§ng há»™ 
14	5	
14	5	Giá»‘ng  . SiÃªu cute . . NÃªn mua. Dthoai nhá» mÃ  cÃ³ vÃµ. Giao.hÃ ng . Nhanh 
14	4	HÃ¬nh áº£nh ko liÃªn quan,cháº¥t lÆ°á»£ng lÃ¢u dÃ i thÃ¬ ko bÃ­t nhÆ°ng Ä‘áº¹p,nhá» xinh
15	1	MÃ n hÃ¬nh quÃ¡ giÃ , tháº¿ mÃ  cÅ©ng Ä‘Æ°a sp Ä‘áº¿n Ä‘Æ°á»£c tay khÃ¡ch, 1 láº§n mua cÅ©ng sáº½ lÃ  láº§n cuá»‘i á»§ng há»™ shop.
15	5	Ä‘Ã¡nh giÃ¡ samsung galaxy s7 Samsung galaxy s7 lÃ  chiáº¿c Ä‘iá»‡n thoáº¡i mÃ  mÃ¬nh cáº£m tháº¥y hÃ i lÃ²ng nháº¥t vá» thiáº¿t káº¿ vÃ  hiá»‡u nÄƒng, chÃ­nh vÃ¬ tháº¿ mÃ¬nh Ä‘Ã£ quyáº¿t Ä‘á»‹nh mua chiáº¿c mÃ¡y nÃ y sau Ä‘Ã¢y mÃ¬nh xin phÃ©p nháº­n xÃ©t vá» chiáº¿c Ä‘iá»‡n thoáº¡i nÃ y sau 1 thá»i gian sá»­ dá»¥ng MÃ¡y cÃ³ thiáº¿t káº¿ ráº¥t Ä‘áº¹p vÃ  nhá» gá»n, máº·t sau báº±ng
15	5	mÃ¡y Ä‘áº¹p, má»›i tinh luÃ´n, cÃ²n siÃªu mÃ n hÃ¬nh. cháº¥t lÆ°á»£ng quÃ¡ tá»‘t. vá»›i cáº¥u hÃ¬nh vÃ  giÃ¡ thá»‹ trÆ°á»ng thÃ¬ shop bÃ¡n giÃ¡ quÃ¡ tá»‘t. hÃ ng chuáº©n Samsung, chá»¥p hÃ¬nh Ä‘áº¹p, ChÆ¡i game hÆ¡i bá»‹ ngon, mÃ¡y y nhÆ° hÃ¬nh mÃ¬nh chá»¥p. Ä‘Ã¢y lÃ  sáº£n pháº©m mÃ¬nh Æ°ng Ã½ nháº¥t tá»« trÆ°á»›c Ä‘áº¿n giá» khi mua Online. sáº½ á»§ng há»™ shop Ä‘Æ¡n hÃ ng tiáº¿p th
15	5	MÃ¡y Ä‘áº¹p Æ°ng Ã½ Giao hÃ ng nhanh chÃ³ng 
15	5	Chat luong tuyet nha moi nguoi 
15	5	MÃ¡y nguyÃªn zin tÃ´t nÃªn mua dÃ¹ng nhÃ© sáº¯p táº¿t roi.chup hÃ¬mh Ok shop uy tin giao hamg nhanh San pham Ä‘ep sin sÃ² 
16	5	Má»™t ly nhá» khoáº£ng 60 ml nÆ°á»›c Ã©p CLM tÆ°Æ¡i cÃ³ hÃ m lÆ°á»£ng dinh dÆ°á»¡ng tÆ°Æ¡ng Ä‘Æ°Æ¡ng vá»›i 5 pound( khoáº£ng 2,2kg) rau hÆ°u cÆ¡ tÆ°Æ¡i.CLM chá»©a Ä‘áº§y Ä‘á»§ cÃ¡c vitamin A,B, canxi, phá»‘t pho, magie, natri vÃ  kali theo tá»· lá»‡ cÃ¢n Ä‘á»‘i.NÆ°á»›c Ã©p cá» lÃºa mÃ¬ tÆ°Æ¡i lÃ   má»™t nguá»“n protein hoÃ n ,chá»‰nh cung cáº¥p táº¥t cáº£
16	3	NÃ³i chung mÃ¡y á»•n, cháº¡y hÆ¡i cháº­m. Ko Ä‘c nháº¡y láº¯m. Má»Ÿ khÃ³a mÃ  cÃ²n cháº­m lÃªn cháº­m xuá»‘ng chÃ¡n qqua. Mua cho mÃ¡ xÃ i táº¡m chá»© mjh lÃ  bá» lun rá»“i. Ah, beautiful music and videos. I'm grateful that I grew up watching this, remembering my childhood watching this episode at Christmas while laughing together. M. 
16	5	HÃ ng dÃ¹ng ráº¥t á»•n so vá»›i giÃ¡ thÃ nh.. Finger print ráº¥t nháº¡y. . GÃ³i hÃ ng cáº©n tháº­n. 
16	5	Mua sale 12.12. Má»›i mua tháº¥y má»i thá»© ok bÃ¬nh thÆ°á»ng. Giao linh kiá»‡n Ä‘áº§y Ä‘á»§.. Sáº½ dÃ¹ng thá»­ 1 tgian vÃ  bá»• sung review sau Ä‘Ã³
16	5	Giao hang lau.mau ma Ä‘áº¹p.nguyen sale.Chá»¥p anh Ä‘áº¹p. Am thanh ráº¥t lon
16	5	hÃ ng Ä‘Ã³ng gÃ³i nhanh vÃ  váº­n chuyá»ƒn ngay hÃ´m sau . Ã¡p Ä‘Æ°á»£c mÃ£ giáº£m 50%
17	5	Ship nhanh. HÃ ng OK. HÃ i lÃ²ng má»©c Ä‘á»™ 8,5/10. GiÃ¡ tá»‘t. Tks shop. 
17	5	Sáº£n pháº©m nhÆ° hÃ¬nh tuy nhiÃªn giao hÃ ng quÃ¡ lÃ¢u Ä‘á»£i táº­n má»™t tuáº§n má»›i nháº­n Ä‘c hÃ ng ! BÃªn ship lÃ m lá» má» quÃ¡ 
17	5	QuÃ¡ tá»‘t má»i ngÆ°á»i Æ¡i. CÃ²n Ä‘á»™ bá»n thÃ¬ khÃ´ng biáº¿t Ä‘Æ°á»£c bao lÃ¢u ná»¯a. 
17	4	Pin lÃ¢u loa hÆ¡i rÃ¨ táº¡m á»•n. Sáº£n pháº©m giá»‘ng nhÆ° hÃ¬nh nhá» nhá» xinh xinh. Giao hÃ ng nhanh
17	5	shop giao haÌ€ng nhanh, saÌ‰n phÃ¢Ì‰m Ä‘eÌ£p nhÆ° mÃ´ taÌ‰, khÃ´ng biÃªÌt sÆ°Ì‰ duÌ£ng lÃ¢u daÌ€i nhÆ° naÌ€o
17	5	Cable ngon sáº¡c nhanh, cáº¯m nháº­n truyá»n dá»¯ liá»‡u itune, 3utool ok nhÃ© cáº£ nhÃ , giÃ¡ ráº» uy tÃ­n má»i nhÃ , thank shop.
18	5	Sp tá»‘t,Sp tá»‘t,camera á»k , hkkjgh kg hggjlljgffffgjj á»k , hkkjgh kg hggjlljgffffgjj
18	5	cháº¥t lÆ°á»£ng tá»‘t, mÃ¡y Ä‘áº¹p quÃ¡ shop Æ¡i, test qua mÃ n hÃ¬nh cáº£m á»©ng ráº¥t nháº¡y, chá»¥p hÃ¬nh sáº¯t nÃ©t, cÃ¡c á»©ng dá»¥ng cháº¡y mÆ°á»£t láº¯m, pin trÃ¢u ,vá»«a Ã½ mÃ¬nh, cáº£m Æ¡n shop vÃ¬ Ä‘Ã£ giao hÃ ng Ä‘Ãºng nhÆ° quáº£ng cÃ¡o, sáº½ giá»›i thiá»‡u báº¡n bÃ¨ ngÆ°á»i thÃ¢n á»§ng há»™ shop nhiá»u hÆ¡n ná»¯a, bÃ¬nh chá»n shop 5 sao
18	5	Ráº¥t hÃ i lÃ²ng vá»›i sáº£n pháº©m cá»§a shop, mua 3 láº§n chÆ°a láº§n nÃ o shop lÃ m mÃ¬nh tháº¥t vá»ng, mÃ¡y cÃ²n ráº¥t má»›i. LÃ m cÃ¡i gÃ¬ cÅ©ng nhanh, shop uy tÃ­n quÃ¡ trá»i lun. Duyá»‡t shop full sao
18	5	ÄÃ£ nháº­n hÃ ng mÃ¡y chuáº©n chÃ­nh hÃ£ng. Nghe gá»i to rÃµ rÃ ng, lÃªn Web nhanh. MÃ¡y nhÃ¬n cá»©ng cÃ¡p, mÃ¡y cáº§m cháº¯c tay. NÃ³i chung Ä‘iá»‡n thoáº¡i tá»‘t hÆ¡n mong Ä‘á»£i.5sao cho shop.
18	5	sáº£n pháº©m tá»‘t vÆ°á»£t mong Ä‘á»£i , mÃ¡y má»›i nguyÃªn seal. Ä‘áº§y Ä‘á»§ phá»¥ kiá»‡n. Ä‘Ã³ng gÃ³i cáº©n tháº­n. giÃ¡o hÃ ng nhanh chÃ³ng. táº·ng shop ngÃ n sao luÃ´n. ngon bá»• ráº»
18	5	MÃ¡y Ä‘áº¹p giÃ¡ ráº», camera chuáº©n nÃ©t, sá»‘ng áº£o tuyá»‡t vá»i. web lÆ°á»›t phÃ  phÃ . chÆ¡i game quÃ¡ Ä‘á»‰nh. shop uy tÃ­n, giao hÃ ng nhanh, phá»¥c vá»¥ tá»‘t. shop uy tÃ­n 5* 
19	5	MÃ¡y Ä‘áº¹p thiáº¿t káº¿ gá»n,nghe gá»i rÃµ hÆ¡n con mÃ¬ xÃ o á»Ÿ nhÃ  mÃ  giÃ¡ thÆ¡m ná»¯a, giá» xÃ i mÃ¡y nokia tháº¥y ghiá»n lun shop, má»‘t mua ná»¯a 
19	5	hÃ ng Ä‘Ã³ng gÃ³i OK mÃ¡y Ä‘áº¹p pin OK cáº£m Æ¡n shop nhÃ©
19	5	moi nhan h.Ä‘ong goi sp chac chan Ä‘ep noi chung vii gia tien nay nghe goi thÃ¬ ok.tang shop 5sao
19	5	cháº¥t lÆ°á»£ng tuyá»‡t vá»i, mÃ u sáº¯c Ä‘áº¹p, , nhÃ¢n viÃªn táº­n tÃ¬nh, phá»¥c vá»¥ tá»‘t ráº¥t áº¥n tÆ°á»£ng, sáº½ giá»›i thiá»‡u báº¡n bÃ¨ ngÆ°á»i thÃ¢n á»§ng há»™ shop
19	5	sáº£n pháº©m nhÆ° hÃ¬nh máº«u ráº¥t hÃ i lÃ²ng oki Ä‘Ã¡ng Ä‘á»“ng tiá»n ^^
19	5	Sp TÃ´Ìt. GiaÌ há»£p lyÌ . OK OK 
20	5	Cáº£m nháº­n vá» Ä‘iá»‡n thoáº¡i nhÆ° sau:. Æ¯u Ä‘iá»ƒm: MÃ u sáº¯c tÆ°Æ¡i sÃ¡ng, cáº§m nháº¹ tay, nhá» gá»n nÃªn phÃ¹ há»£p bá» vÃ o tÃºi quáº§n hoáº·c tÃºi Ã¡o.. NhÆ°á»£c Ä‘iá»ƒm: Pin khÃ¡ cÃ¹i, táº§m 1 ngÃ y hÆ¡n lÃ  tá»¥t pin khá»§ng khiáº¿p ğŸ˜±. 
20	5	bÃ¬nh luáº­n chá»‰ mang tÃ­nh cháº¥t nháº­n xu.... :"8#;#@9@+$:"8;#@(#-$($:%(")@@)
20	1	Qua 1tuáº§n sá»­ dá»¥ng tÃ´i Ä‘Ã¡nh giÃ¡ nhÆ° sau:.     * Nháº­n vá» chá»‘t giá»¯ sim cong khÃ´ng láº¯p dc sim.     *imie nÃ y in láº¡i dÃ²m ráº¥t tá»‡,Ä‘iá»ƒm tiáº¿p xÃºc vá»›i pin lá»ng láº»o,vá» má»›i mak cong Ä‘á»§ kiá»ƒu.      *Má»i ngÆ°á»i Ä‘á»«ng láº¥y pin cá»§a shop ,sáº¡c Ä‘áº§y Ä‘á»ƒ cháº¿ Ä‘á»™ chá» mak ná»¯a ngÃ y bÃ¡o pin yáº¿u,bá»‹ Äƒn nguá»“n pin lá»Ÿm,269k vá» bá»...Tá»¨C 
20	1	mÃ¡y sá»™c sá»‡ch bá»¥i nhiá»u dÃ¹ng dk tuáº§n káº» Ä‘en mÃ n hÃ¬nh shop ko Ä‘á»•i cho chÃ¡n !
20	3	Má»i chá»©c nÄƒng ok má»—i tá»™i vá» lÃµm vÃ  mÃ n hÃ¬nh lÃ´ nhÃ¬n ráº¥t nhá»©c máº¯t.. GiÃ¡ thÃ¬ tá»‘t rá»“i. KhÃ´ng pin sáº¡c thÃ¬ 240k mua táº§m nÃ y thÃ¬ xÃ¡c Ä‘á»‹nh váº­y nhÃ© cáº£ nhÃ .. MÃ n lÃ´. Vá» lÃµm. PhÃ­m há»Ÿ. Pháº§n má»m xi Ä‘a (xem video sáº½ tháº¥y folder Ã´ vuÃ´ng). CÃ³ Ä‘iá»u kiá»‡n nÃªn láº¥y hÃ ng tá»“n kho full box hay hÆ¡n giÃ¡ gáº¥p 10 láº§n haha. Shop ok
20	5	HÃ ng nhÆ° hÃ¬nh. Ok main zin. Vá» Ä‘áº¹p. Chá»©c nÄƒng ok. Giao hÃ ng nhanh. Shop há»• trá»£ nhiá»‡t tÃ¬nh. HÃ i lÃ²ng
21	5	Giao hÃ ng nhanh. Sáº£n pháº©m nhÆ° quáº£ng cÃ¡o. ...................
21	5	ÄÃ£ mua láº§n thá»© 2 vÃ  váº«n Ä‘Ã¡nh giÃ¡ 5 sao, Ä‘Ãºng hÃ ng, sp ok. Tuyá»‡t vá»i ğŸ‘
21	5	Fhfjjdnfndnndndndndjjdjdjsjdjdjdjjdndnndndndnfmcmcmcmcmcmmcmcmcmcmmcmcmcmcmncnncncncncjcjcjcjcjcjjcjcjcjcjcjc
21	5	HÃ ng ok. Äá»ƒ sá»­ dá»¥ng thÃªm vÃ i hÃ´m. TrÆ°á»›c máº¯t Ä‘áº·t thÃªm 1 cÃ¡i.
21	5	Äiá»‡n thoáº¡i siÃªu dá»… thÆ°Æ¡ng, nhá» xÃ­u. Hiá»‡n táº¡i dÃ¹ng tháº¥y ok, ko biáº¿t cÃ³ Ä‘Æ°á»£c lÃ¢u dÃ i khÃ´ng ná»¯a. . MÃ  dÃ¢y sáº¡c kÃ¨m theo mÃ¡y sao mÃ¬nh sáº¡c khÃ´ng vÃ o, mÃ¬nh thay sáº¡c cá»§a mÃ¬nh thÃ¬ láº¡i sáº¡c Ä‘Æ°á»£c. 
21	5	Tuyá»‡t vá»i
22	4	MÃ¡y cÅ©ng táº¡m Ä‘c. LÃºc má»›i mua vá» thÃ¬ pin cÃ²n 100%. Sau  ná»­a thÃ¡ng sá»­ dá»¥ng cÃ²n 92%. Sáº¡c tá»« 90% Ä‘áº¿n 100% ráº¥t lÃ¢u. Äáº·t hÃ ng hÆ¡i lÃ¢u vÃ  nhÃ¬ nháº±ng. Shop pháº£n há»“i cháº­m. A giao hÃ ng nhiá»‡t tÃ¬nh. A giao hÃ ng gá»i Ä‘iá»‡n máº¥y láº§n cho shop há»i cho xem hÃ ng mÃ  kg Ä‘c?
22	5	Khi mua Ä‘t 99 rá»“i thÃ¬ Ä‘á»«ng Ä‘Ã²i mÃ¡y nguyÃªn zin, con ap suat.T cÅ©ng bÃ¡n vÃ  biáº¿t cÃ¡c shop khÃ¡c cáº¡nh tranh nÃªn Ä‘á»«ng nhÃ¬n vÃ o Ä‘Ã¡nh giÃ¡ mÃ  quyáº¿t Ä‘á»‹nh.Ai Ä‘á»i Ä‘i bÃ¡n Ä‘iá»‡n thoáº¡i mÃ  Ä‘á»ƒ con cháº¿t mÃ¡y k lÃªn nguá»“n nhá»‰.Sau 5 ngÃ y thÃ¬ tháº¥y á»•n Ã¡p shop há»— trá»£ chu Ä‘Ã¡o táº­n tÃ¬nh .Pin sá»¥t nhanh.Sd 1 tg t sáº½ quay láº¡i.
22	1	Cháº¥t lÆ°á»£ng sáº£n pháº©m kÃ©m . ÄÃ¨n flash bá»‹ há»ng k báº­t Ä‘Æ°á»£cğŸ˜£. Sáº¡c Ä‘áº§y dÃ¹ng Ä‘Æ°á»£c khoáº£ng hai tiáº¿ng lÃ  háº¿t pin . Shop pháº£n há»“i cháº­m . QuÃ¡ tháº¥t vá»ng vá» sáº£n pháº©m ğŸ˜´
22	5	CÃ³ 1 váº¿t xÆ°á»›c dÃ i sau mÃ¡y nhÆ°ng mÃ¡y á»•n cho shop 5*
22	5	Pin zin - pin trau 
22	5	Oke.  
23	5	Giao hÃ ng nhanh láº¯m Ã­ áº¡<3. MÃ¬nh Ä‘áº·t lÃºc sinh nháº­t shopee mÃ  giao hÃ ng siu nhanh luÃ´n. ÄÃ³ng gÃ³i cáº§n tháº­n nÃ¨, há»™p Ä‘iá»‡n thoáº¡i khÃ´ng bá»‹ mÃ©o hay gÃ¬ luÃ´n. NÃ³i chung lÃ  Ä‘th oke háº¿t. Æ¯ng láº¯m Ã¡
23	5	ÄÃ³ng gÃ³i cáº©n tháº©n, vá»«a quáº¥n bá»c vá»«a cÃ³ xá»‘p nhÃ©t bÃªn trong . Sáº½ á»§ng há»™ tiáº¿p áº¡
23	5	Giao hÃ ng siÃªu nhanh, chá»§ shop cá»±c ká»³ nhiá»‡t tÃ¬nh. Sáº½ á»§ng há»™ tiáº¿p
23	5	Cháº¥t lÆ°á»£ng sáº£n pháº©m tuyá»‡t vá»i. ÄÃ³ng gÃ³i sáº£n pháº©m ráº¥t Ä‘áº¹p vÃ  cháº¯c cháº¯n
23	5	sá»Ÿ há»¯u pháº§n máº·t lÆ°ng vá»›i thiáº¿t káº¿ Ä‘áº¹p máº¯t hÆ¡n, biá»ƒu hiá»‡n á»Ÿ hiá»‡u á»©ng 3D Ä‘áº¹p máº¯t, mang Ä‘áº¿n sá»± Ä‘á»™c Ä‘Ã¡o tráº» trung vÃ  thá»i thÆ°á»£ng 
23	5	sá»Ÿ há»¯u pháº§n máº·t lÆ°ng vá»›i thiáº¿t káº¿ Ä‘áº¹p máº¯t hÆ¡n, biá»ƒu hiá»‡n á»Ÿ hiá»‡u á»©ng 3D Ä‘áº¹p máº¯t, mang Ä‘áº¿n sá»± Ä‘á»™c Ä‘Ã¡o tráº» trung vÃ  thá»i thÆ°á»£ng 
24	5	Sáº£n pháº©m ok. Tuy hao pin hÆ¡i nhanh,,Ä‘áº§y pin,,ko xÃ i cáº£ ngÃ y váº«n tá»¥t gáº§n háº¿t pin. Vá» thÃ¬ hk hoÃ n thiá»‡n 100% nhÆ°ng cÅ©ng ráº¥t tá»‘t rá»“i. Cháº¥t lÆ°á»£ng Ä‘Ãºng vá»›i sá»‘ tiá»n bá» ra
24	5	má»›i nháº­n dc hÃ ng nhÆ°ng máº¥t rung rá»“i mÃ¬nh dc báº£o hÃ nh chá»©
24	4	Mau háº¿t pin
24	5	Nháº­n Ä‘Æ°á»£c hÃ ng...Ä‘á»ƒ sá»­ dá»¥ng thá»i gian má»›i Ä‘Ã¡nh giÃ¡ sáº£n phr Ä‘Æ°á»£c...giao hÃ ng nhanh chÃ³ng...
24	5	Toi mua Nokia 6300 ma ban phim kg bam duoc de nghi shop doi lai
24	5	KhÃ¡ á»•n. Loa ngoÃ i hÆ¡i nhá»
25	4	Má»›i nháº­n tháº¥y Æ°ng Ã½ nhÆ°ng bá» pin vÃ o chua khá»Ÿi nguá»“n thÃ¬ mang hÃ¬nh Ä‘Ã£ sÃ¡ng, chá»‰ thÃ¡o pin má»›i táº¯c nÃªn chá»‰ Ä‘c 4sao thÃ´i
25	5	123456789012345678901234567890 123456789012345678901234567890
25	5	1234567890987654321234567880998888877766655555444444333332222211122233344444555566667777889909876544332123456678899987765323455667272828e8e8e8e88e737373
25	5	MaÌy naÌ€y nghe to vaÌ€ roÌƒ rÃ¢Ìt Ã´k cho shop 5sao 
25	5	Cháº¥t lÆ°á»£ng hÆ¡n mong Ä‘á»£i ğŸ˜ğŸ˜ğŸ‘ğŸ‘ğŸ‘ŒğŸ‘Œ
25	5	RÃ¢t okie kb bÃªn trog ntn nhÆ°g nhin bÃªn ngoÃ i sÃ£h sáº½ má»›i tinh lÃ  cáº£m tháº¥y ráº¥t thoáº£i mÃ¡i rá»“i.mÃ¡y dÃ¹ng Ä‘Æ°á»£c.hiá»‡n táº¡i tjif lÃ  váº­y 
26	5	MÃ u mÃ¡y Ä‘áº¹p. Test mÃ¡y sÆ¡ cÅ©ng á»•n. Mong bá»n tá»‘t dÃ i lÃ¢u........
26	5	MÃ¡y ngon trong táº§m giÃ¡. Uy tÃ­nh vÃ  cháº¥t lÆ°á»£ng...giao hÃ ng tÆ°Æ¡ng Ä‘á»‘i nhanh. 5 sao
26	5	HÃ ng cháº¥t lÆ°á»£ng cao giÃ¡ cáº£ há»£p lÃ½ giao hÃ ng nhanh chÃ³ng táº­n tÃ¬nh chu Ä‘Ã¡o
26	5	sp cháº¥t lÆ°á»£ng . giao hÃ ng nhandufng thÃªm tg ná»¯a sáº½ rewveiw tiáº¿p. bbnnnm
26	5	Hang nguyen hop nha. Shop ban uy tin nha mn dung lo so nha. Okokok
26	5	Anh ko nien quan hang depchat luong ok gia ca hop ly se ung ho sho nhieu cho 5 sao
27	5	
27	5	CÃ³ 1 chÃºt trá»¥c tráº·c giao hÃ ng nhÆ°ng cháº¯c do bÃ£o. Láº§n mua hÃ ng nÃ y ráº¥t nhiá»u cáº£m xÃºc. Cá»­a hÃ ng nhiá»‡t tÃ¬nh, l mÃ¬nh tÃ¬m Ä‘Ãºng chá»— uy tÃ­n. 5sao cho cÃ¡ch phá»¥c vá»¥ cá»§a shop. Cáº£m á»n ráº¥t nhiá»u. CÃ¡c báº¡n nÃªn mua_nhes
27	5	Giao hÃ ng hÆ¡i lÃ¢u nhÆ°ng nháº­n Ä‘Æ°á»£c Ä‘iá»‡n thoáº¡i siÃªu Ä‘Ã¡ng yÃªu, shop Ä‘Ã³ng gÃ³i cáº©n tháº­n. Má»i ngÆ°á»i nÃªn mua ğŸ¥°ğŸ¥°ğŸ¥°
27	5	SiÃªu mini. Äáº¹p. ğŸ˜.sáº½ á»§ng há»™ thÃªm náº¿u cÃ³ nhu cáº§u
27	5	HÃ ng cháº¥t lÆ°Æ¡Ì£ng giÃ¡ reÌ‰, náº¿u cÃ³ nhu cáº§u nháº¥t Ä‘á»‹nh m sáº½ quay láº¡i á»§ng há»™ tiáº¿p.
27	5	Hhhhhhhhhhhhhhhhhhhhhhhghghgghhhhhhhhhhhhhhhhhhhhbbhh
28	5	shop dá»… thÆ°Æ¡ng tÆ° váº¥n nhiá»‡t tÃ¬nh luÃ´n Ä‘Ã³ giao hÃ ng nhanh 2 ngÃ y lÃ  nháº­n Ä‘Æ°á»£c, shipper vui váº» tá»‘t mÃ¡y Ä‘áº¹p chÃ­nh hÃ£ng nokia Ä‘á»§ sáº¡c cÃ¡p an tÃ¢m mua
28	5	nháº­n Ä‘c Ä‘iá»‡n thoáº¡i rá»“i shop Æ¡i. test mÃ¡y bá» sim vÃ o nghe gá»i to rÃµ. loa mÃ­c to á»•n Ä‘á»‹nh. Ä‘Æ°á»ng truyá»n tá»‘t.. sÃ³ng bá»‘n cá»¥c . sáº¡c cÃ¡p phá»¥ kiá»‡n Ä‘áº§y Ä‘á»§. full chá»©c nÄƒng . giao Ä‘Ãºng mÃ u Ä‘Ãºng máº«u. tÆ° váº¥n nhiá»‡t tÃ¬nh. cÃ³ tÃ¢m. chu Ä‘Ã¡o. mua online mÃ  gáº·p nhá»¯ng shop nÃ y thÃ¬ yÃªn tÃ¢m. hÃ ng cháº¥t lÆ°á»£ng tá»‘t. 
28	5	cháº¥t lÆ°á»£ng tuyá»‡t vá»i, mÃ u sáº¯c Ä‘áº¹p, , nhÃ¢n viÃªn táº­n tÃ¬nh, phá»¥c vá»¥ tá»‘t ráº¥t áº¥n tÆ°á»£ng, sáº½ giá»›i thiá»‡u báº¡n bÃ¨ ngÆ°á»i thÃ¢n á»§ng há»™ shop
28	5	hÃ ng xÃ i quÃ¡ lÃ  OK nÃ¨k
28	5	mÃ¡y cháº¥t lÆ°á»£ng ok ! Ä‘áº§y Ä‘á»§ phá»¥ kiá»‡n loáº¡i Ä‘áº¹p. láº¥y láº§n 2 sáº½ tiáº¿p tá»¥c á»§ng há»™ shop
28	5	Ok cháº¥t luong
29	3	TrÆ°á»›c khi mua hÃ ng cÃ³ dáº·n shop kiá»ƒm tra ká»¹ giÃºp nhÆ°ng khi nháº­n mÃ¡y thÃ¬ mÃ n bá»‹ Ä‘á»‘m, loa rÃ¨, dÃ¹ng táº¡m thÃ¬ táº¡m. CÃ³ nháº¯n tin cho shop thÃ¬ shop khÃ´ng cÃ³ tráº£ lá»i, CSKH sau khi mua hÃ ng quÃ¡ tá»‡.
29	4	Theo nhÆ° shop ghi mÃ´ táº£ thÃ¬ thiáº¿u tai nghe, thiáº¿u que náº¥y sim. Äáº·t mÃ u há»“ng giao mÃ u Ä‘en ğŸ™‚ MÃ¬nh test vÃ i ngÃ y quay láº¡i Ä‘Ã¡nh giÃ¡ sau nhÃ©ğŸ™‚
29	5	Pin tray vl 
29	5	Camera nÃ©t tháº­t , Ä‘Ã¡ng tiá»n láº¯m
29	5	Shop Æ¡i shop táº·ng táº¿ táº¡i nghe thÃ¬ tuyá»‡t vá»i
29	5	á»”n Ä‘á»‹nh dÃ¹ng tá»‘t. Pin cÃ²n cao cáº£m á»©ng mÆ°á»£t mÃ¡y ios 13 dÃ¹ng vÃ£n thÃ­ch hÆ¡n 14
30	5	ÄÃ³ng gÃ³i cáº©n tháº­n, ká»¹ lÆ°á»¡ng, sáº£n pháº©m Ä‘áº¹p, nhá» gá»n, má»›i ğŸ’¯, cháº¥t lÆ°á»£ng thÃ¬ chÆ°a Ä‘Ã¡nh giÃ¡ Ä‘Æ°á»£c, hÃ¬nh áº£nh sáº¯c sáº£o... 
30	2	MÃ©o thá»ƒ tin Ä‘Æ°á»£c, Nkim bÃ¡n giÃ¡ bt 1590, lÃªn Ä‘Ã¢y mua 12/12 tÆ°á»Ÿng Ä‘Æ°á»£c há»i ai dÃ¨ sale 1790 mÃ£ giáº£m 100k, cÃ²n máº¯c hÆ¡n ra showroom mua, khoe há»i bá»‹ báº¡n chá»­i ngÆ°u, khÃ´ng cÃ³ cÃ¡i nhá»¥c nÃ o báº±ng, mÃ¡y ok, nhÆ°ng sáº½ khÃ´ng quay láº¡i mua, bbi
30	5	Äiá»‡n thoai nhÃ¬n ráº¥t Äáº¹p vÃ  sang. GiÃ¡ sale tá»‘t cho Ä‘iá»‡n thoai  thÆ°Æ¡ng hiá»‡u Samsung. Ráº¥t yÃªn tÃ¢m khi xÃ i hÃ ng mua tá»« shop mall chÃ­nh hÃ£ng. ÄÃ³ng gÃ³i cháº¯c cháº¯n.
30	4	MÃ¬nh mua giÃ¡ flashsale nhÆ°ng ko pháº£i tá»‘t nháº¥t. HÃ ng xinh nhá» gá»n. NÃ³i chung khÃ¡ Æ°ng. Chá»‰ cÃ³ cÃ¡i cáº£m giÃ¡c mong manh dá»… vá»¡, khÃ³ tÃ¬m á»‘p lÆ°ng vÃ  dÃ¡n mÃ n hÃ¬nh cÃ ng khÃ³, chá»‰ cÃ³ thá»ƒ Ä‘áº·t mua tá»« TQ ^^' 
30	5	Äiá»‡n thoáº¡i mua cho máº¹ mÃ¬nh dÃ¹ng chá»§ yáº¿u Ä‘á»ƒ lÆ°á»›t web 1 chÃºt, sÃ i cÅ©ng tá»‘t. 1 láº§n sáº¡c dÃ¹ng Ä‘c 6 ngÃ y. Trá»« láº§n Ä‘áº§u sáº¡c mÃ¡y bá»‹ nÃ³ng thÃ¬ Ä‘áº¿n giá» váº«n ok. Nháº­n mÃ¡y xong táº§m 3 ngÃ y sau cÃ³ tin nháº¯n gá»­i mÃ£ báº£o hÃ nh vá» mÃ¡y mÃ¬nh. Ncl cháº¥t lÆ°á»£ng ok
30	5	Giao hÃ ng nhanh, tuy mua sale nhÆ°ng cx ko ráº» hÆ¡n máº¥y. Mua shopee mall nÃªn cx yÃªn tÃ¢m
31	5	Ä‘iá»‡n thoáº¡i siÃªu dá»… thÆ°Æ¡ng lun áº¡. mini nhá» xinh dÃ¹ng khÃ¡ á»•n Ä‘á»‹nh. giÃ¡ tháº¥y khÃ¡ ok so vá»›i shop khÃ¡c. giao hÃ ng nhanh. Ä‘Ã£ mua nhiá»u láº§n bÃªn shop vÃ  sáº½ mua thÃªm nhiá»u nhiá»u hÆ¡n áº¡ hihi
31	5	Mua nhiá»u cá»§a shop rá»“i ráº¥t yÃªn tÃ¢m . Shop gÃ³i hÃ ng khÃ´ng cáº©n tháº­n gÃ¬ háº¿t Ã¡.  Hk cÃ³ há»™p cartun bÃªn ngoÃ i luÃ´n. Shop nhiá»‡t tÃ¬nh láº¯m nhÃ©.  Sáº£n pháº©m Æ°ng Ã­ láº¯m nÃ¨. á»¦ng há»™ shop tiáº¿p
31	5	Sáº£n pháº©m nhá» gá»n rÃ¢t dá»… thÆ°Æ¡ng, pin mÃ¬nh nghe gá»i táº§m 3 ngÃ y khÃ¡ ok . ráº¥t hÃ i lÃ²ng vá» cÃ¡ch phá»¥c vá»¥ cá»§a shop. háº¹n shop láº§n tá»›i nha . 5 sao cho 1 sáº£n pháº©m ráº» Ä‘áº¹p 
31	5	Ä‘iá»‡n thoáº¡i Ä‘áº¹p, siÃªu mini luÃ´n áº¡ hihi dÃ¹ng thÃ­ch láº¯m. shop tÆ° váº¥ cÃ³ cháº¿ Ä‘á»™ thay Ä‘á»•i giá»ng hay láº¯m cÃ¡c báº¡n áº¡. NÃªn mua thi thoáº£ng nghá»‹ch cÅ©ng ráº¥t hay. shop tráº£ lá»i ráº¥t nhiá»‡t tÃ¬nh. ÄÃ¡nh giÃ¡ chung lÃ  tá»‘t , mua nhiá»u hÃ ng cá»§a shop rá»“i nÃªn ráº¥t yÃªn tÃ¢m vá» chÃ¢t lÆ°á»£ng vÃ  giÃ¡ bÃªn shop. Ngon bá»• ráº½ sáº½ á»§ng há»™ shop
31	5	Giao hÃ ng hÆ¡i cháº­m nhug sp giá»‘ng mÃ´ táº£ ,dt dÃ¹ng ok nhá» xinh cute  .sáº½ á»§ng há»™ tiÃ©p 
31	5	HaÌ€ng tÃ´Ìt Ä‘oÌng goÌi cÃ¢Ì‰n thÃ¢Ì£n rÃ¢Ìt haÌ€i loÌ€ng . Shop giao hÃ ng nhanh há»™p Ä‘á»±ng nguyÃªn váº¹n.. mÃ¬nh mua láº§n thá»© N bÃªn shop rá»“i ráº¥t ok. sáº½ á»§ng há»™ shop nhiá»u nha hihi
32	5	NguyÃªn seal táº¡m cháº¥p nháº­n vá»›i má»©c giÃ¡!! HÃ ng viá»‡t nam nÃªn á»§ng há»™ 
32	5	Mua dc giÃ¡ sale quÃ¡ ok 2tr700,  shop Ä‘Ã£ kÃ­ch hoáº¡t báº£o hÃ nh trÆ°á»›c 1 thÃ¡ng rá»“i nha mn  . CÃ³ dá»‹p sáº½ á»§ng há»™ tiáº¿p
32	5	Äiá»‡n thoáº¡i ship nhanh, 2 ngÃ y lÃ  tá»›i, má»Ÿ há»™p nguyÃªn tem seal dÃ¡n, nguyÃªn phá»¥ kiá»‡n má»›i toanh, chÃ­nh hÃ£ng, sÄƒn sale Ä‘Æ°á»£c 2790k ráº» vÃ´ cÃ¹ng, Æ°ng láº¯m, shop há»— trá»£ nhiá»‡t tÃ¬nh, ngÃ n *ğŸ¤©ğŸ¤©
32	5	SÃ i tháº¥y ráº¥t tá»‘t , mÃ  sáº¡t nhanh Ä‘áº§y cÅ©ng nhanh háº¿t pin---------
32	5	Sáº£n pháº©m Ä‘á»§ hÃ ng Ä‘á»ƒ test xem bá»n giao hÃ ng khÃ¡ nhanh..............
32	5	Sáº£n pháº©m tá»‘t, cháº¥t lÆ°á»£ng, shop gÃ³i hÃ ng cáº©n tháº­n bá»c xá»‘p Ä‘Ã ng hoÃ ng, mÃ¬nh mua Ä‘Ãºng Ä‘á»£t sale cÃ³ mÃ£ giáº£m giÃ¡ kÃ¨m nÃªn mua Ä‘Æ°á»£c giÃ¡ tá»‘t, mÃ¡y khi kÃ­ch hoáº¡t báº£o hÃ nh lá»‡ch so vá»›i thá»i gian Ä‘Ãºng khoáº£ng 11 ngÃ y nhÆ°ng mÃ¬nh khÃ´ng quan trá»ng vÃ¬ Ä‘Ã£ Ä‘Æ°á»£c biáº¿t trÆ°á»›c vÃ  váº«n cÃ²n báº£o hÃ nh dÃ i, mÃ¡y nguyÃªn seal - 5 sao
33	5	MÃ¡y cáº¥u hÃ¬nh máº¡nh. chá»¥p hÃ¬nh ráº¥t Ä‘áº¹p hinh thá»©c ráº¥t sang trá»ng. chÆ¡i game lÆ°á»›t web thÃ¬ ko chÃª vÃ o Ä‘Ã¢u Ä‘Æ°á»£c. nhÆ°ng thÃ­ch nháº¥t lÃ  phonhg cÃ¡ch phá»¥c vá»¥ cá»§a nhÃ¢n viÃªn shop.ráº¥t cÃ³ tÃ¢m vá»›i khÃ¡ch hÃ ng. mÃ¬nh duyá»‡t shop 5 sao.
33	2	HÃ ng khÃ´ng Ä‘Ãºng mÃ´ táº£. Bá»‹ lá»—i mÃ n hÃ¬nh. LiÃªn há»‡ shop Ä‘á»•i tráº£ shop khÃ´ng tráº£ lá»i.
33	5	Ok long lanh canh dao 
33	5	HÃ i lÃ²ng voi shop 
33	5	TuyÃªt voi ong mat troi shop uy tin 
33	5	Æ¯ng Ã½ ğŸ‘ğŸ‘
34	5	Äiá»‡n thoáº¡i tá»‘t, ráº» nháº¥t, ship nhanh khÃ´ng khÃ¡c gÃ¬ ná»™i thÃ nh, quÃªn quay video unbox nhÆ°ng may lÃ  ko nháº­n cá»¥c gáº¡ch haha
34	5	Shop phá»¥c vá»¥ tuyá»‡t vá»i! Shop cÃ³ gá»i Ä‘iá»‡n vá» viá»‡c Ä‘á»•i mÃ u mÃ¡y (do háº¿t hÃ ng) + cáº­p nháº­t tÃ¬nh tráº¡ng gá»­i mÃ¡y. Äáº·t ná»­a Ä‘Ãªm ngÃ y 27.11, thÃ¬ 30.11 Ä‘Ã£ nháº­n Ä‘Æ°á»£c hÃ ng. J&T Express cá»±c ká»³ há»— trá»£. GiÃ¡ Flash sale cá»±c ráº» (Ä‘Ã£ kÃ­ch hoáº¡t báº£o hÃ nh trÆ°á»›c vs cÃ³ thÃ´ng bÃ¡o trÆ°á»›c cho KH), mÃ¡y nguyÃªn seal. Sáº½ á»§ng há»™ tiáº¿p
34	5	HÃ ng Ä‘áº¹p nhÆ° hÃ¬nh ....................,...,.......,,,,,,,,,,,,,
34	5	Ä‘iá»‡n thoáº¡i chÃ­nh hÃ£ng. tá»‘t chuáº©n. like shop. nt nhiá»‡t tÃ¬nh. á»§ng há»™
34	5	Sáº£n pháº©m sá»­ dá»¥ng tá»‘t, shop thÃ¢n thiá»‡n, nhiá»‡t tÃ¬nh, cho nÄƒm sao luÃ´n.
34	5	Giao hÃ ng siÃªu nhanh. MÃ¡y nguyÃªn seal, Ä‘Ã³ng gÃ³i ráº¥t kÄ©, cÃ³ tem seal Ä‘áº§y Ä‘á»§
35	5	mÃ¡y quÃ¡ Ä‘áº¹p ,cÃ¡c chá»©c nÄƒng hoáº¡t Ä‘á»™ng ráº¥t tá»‘t ,mÃ n hÃ¬nh cáº£m á»©ng nháº¡y mÃ u sáº¯c rá»±c rá»¡ nhÆ° mong Ä‘á»£i ,cáº¥u hÃ¬nh máº¡nh lÃªn máº¡ng lÆ°á»›t web ,xem phim ,chÆ¡i game náº·ng Ä‘á»u oke,tháº­t lÃ  hoÃ n thiá»‡n ,shop giao hÃ ng nhanh Ä‘Ãºng háº¹n ,cháº¥t lÆ°á»£ng sáº£n pháº©m Ä‘Ãºng nhÆ° quáº£ng cÃ¡o mÃ¬nh tháº­t hÃ i lÃ²ng vá»«a Ã½ ,chÃºc shop Tc
35	5	@Â¥Â¥Â¥Â¥Â¥ Tuyá»‡t vá»i em Ä‘Ã£ nháº­n Ä‘Æ°á»£c hÃ ng cá»§a shop gá»­i. ráº¥t Ä‘áº¹p máº¯t, cháº¥t lÆ°á»£ng khÃ´ng chÃª vÃ o Ä‘Ã¢u Ä‘Æ°á»£c, cáº¥u hÃ¬nh cao, máº¡nh so vá»›i giÃ¡ tiá»n, mÃ¬nh test cÃ¡c chá»©c nÄƒng tháº¥y khÃ¡ á»•n. giÃ¡ cáº£ há»£p tÃºi tiá»n, mÃ¬nh khÃ¡ vui vÃ¬ nháº­n Ä‘Æ°á»£c sáº£n pháº©m Ä‘Ãºng nhÆ° quáº£ng cÃ¡o. sáº½ giá»›i thiá»‡u ngÆ°á»i thÃ¢n á»§ng há»™ shop ğŸ‘ 
35	5	E vá»«a nháº­n mÃ¡y xÃ i Ä‘Æ°á»£c 2 ngÃ y ,mÃ¡y Ä‘áº¹p má»›i ,cÃ¡c chá»©c nÄƒng hoáº¡t Ä‘á»™ng tá»‘t vÃ  á»•n Ä‘á»‹nh ,mÃ n hÃ¬nh cáº£m á»©ng nháº¡y lÆ°á»›t Ãªm Ã¡i ,camera chá»¥p hÃ¬nh sáº¯t nÃ©t luÃ´n ,pin Ä‘Ãºng trÃ¢u bÃ² ,mÃ¬nh cÃ³ Ä‘iá»‡n thoáº¡i nhÃ¢n viÃªn shop tá»« váº¥n ráº¥t nhiá»‡t tÃ¬nh táº­n tÃ¢m vá»›i khÃ¡ch hÃ ng ,tháº­t lÃ  hÃ i lÃ²ng 
35	5	mÃ¬nh Ä‘Ã£ 2 láº§n mua hÃ ng cá»§a shop ,thÃ¬ 2 láº§n Ä‘á»u báº¥t ngá», shop giao hÃ ng nhanh,cháº¥t lÆ°á»£ng tá»‘t, mÃ¡y Ä‘áº¹p cáº¥u hÃ¬nh máº¡nh, lÃªn máº¡ng lÆ°á»›t web, chiáº¿n game máº¡nh vÃ´ tÆ°, camera sáº¯t nÃ©t, nÃ³i chung lÃ  ráº¥t chuáº©n, shop giao hÃ ng Ä‘Ãºng quáº£ng bÃ¡, nhÃ¢n viÃªn phá»¥c vá»¥ vui váº» chuyÃªn nghiá»‡p, mÃ¬nh cáº£m tháº¥y an tÃ¢m khi sá»­ dá»¥ng
35	5	cháº¥t lÆ°á»£ng Ä‘Ãºng nhÆ° shop quáº£ng cÃ¡o, mÃ¡y Ä‘áº¹p khÃ´ng váº¿t tráº§y xÆ°á»›c, má»›i 99% ,cÃ¡c chá»©c nÄƒng cÆ¡ báº£n hoáº¡t Ä‘á»™ng ráº¥t tá»‘t, cáº£m á»©ng mÆ°á»£t mÃ  lÆ°á»›t Ãªm Ã¡i,mÃ n hÃ¬nh sÃ¡ng mÃ u sáº¯c rá»±c rá»¡ nhÆ° mong Ä‘á»£i, cáº¥u hÃ¬nh máº¡nh máº½, lÃªn máº¡ng lÆ°á»›t web xem phim chÆ¡i game náº·ng ráº¥t mÆ°á»£t, mÃ¬nh hÃ i lÃ²ng láº¯m, shop bÃ¡n hÃ ng ráº¥t cÃ³ tÃ¢m,nh
35	5	ráº¥t tuyá»‡t, mÃ¡y Ä‘áº¹p quÃ¡, cháº¥t lÆ°á»£ng thÃ¬ Ä‘Ãºng nhÆ° shop quáº£ng cÃ¡o, cÃ¡c á»©ng dá»¥ng hoáº¡t Ä‘á»™ng tá»‘t, mÃ n hÃ¬nh Ä‘áº¹p mÃ u sáº¯c rá»±c rá»¡ nhÆ° mong Ä‘á»£i, camera trÆ°á»›c vÃ  sau chá»¥p áº£nh Ä‘áº¹p láº¯m, lÃªn máº¡ng lÆ°á»›t web xem phim mÆ°á»£t ,mÃ¬nh thÃ­ch phong cÃ¡ch phá»¥c vá»¥ cá»§a shop,vui váº» nhiá»‡t tÃ¬nh hÆ°á»›ng dáº«n táº­n tÃ¬nh vá»›i khÃ¡ch hÃ ng, cháº¿
36	5	mÃ¡y bá»‹ lá»—i khÃ´ng nháº­n sim , alo khÃ´ng báº¯t mÃ¡y . ÄÃ£ bá»‹ lá»«a , bÃ¡n lá»«a Ä‘áº£o. khÃ´ng cho Ä‘á»•i hÃ ng. Tá»• bÃ  bá»n lá»«a Ä‘áº£o lÃ m máº¥t toi tiá»n. Cáº£ nhÃ  mÃ y bá»‹ xe Ä‘á»¥ng
36	5	Pin hao nhanh, xuá»‘ng táº­n cá»­a hÃ ng Ä‘á»•i má»›i ... ok sáº½ á»§ng há»™ tiáº¿p. Äá»•i láº§n 2 láº¡i lá»—i , pháº£i Ä‘á»•i láº§n 3...?
36	2	Sp thÃ¬ ko bÃ n ná»¯a, nhÆ° mÃ´ táº£, shop cho xem sp trÆ°á»›c khi tráº£ tiá»n. MÃ  mÃ¬nh ko biáº¿t xem, nÃªn tráº£ tiá»n luÃ´n.. Chá»‰ á»©c cháº¿ bá»n Viettel Post, nháº­n sp vá» c.ty 2,3 hÃ´m mÃ  ko phÃ¡t cho khÃ¡ch....10/09 Shop má»›i gá»­i ra Viettel Post, mÃ  Viettel Post láº¡i Ä‘Ã³ng dáº¥u ngÃ y 08/09/2020. Rá»“i mÃ£i Ä‘áº¿n tá»‘i14/09 (16h35)má»›i Ä‘áº¿n
36	5	Anh chá»§ shop nhiá»‡t tÃ¬nh, vui tÃ­nh vÃ  ráº¥t quan tÃ¢m khÃ¡ch :) dÃ¹ trÆ°a náº¯ng váº«n phÃ³ng xe cháº¡y Ä‘i Ä‘á»•i mÃ¡y cho mÃ¬nhğŸ˜‚. CÃ²n mÃ¡y thÃ¬ dÃ¹ng mÆ°á»£t rá»“i ğŸ˜‚
36	5	MÃ¡y zin chÃ­nh hÃ£ng, dÃ¹ng quÃ¡ OK 
36	5	Pin bá»n quÃ¡, cam nÃ©t 
37	5	Pin 6000 nhÆ°ng mÃ¬nh tháº¥y khÃ¡ nháº¹, nháº¹ hÆ¡n con Redmi 9 pin 5000. MÃ n hÃ¬nh FHD tuy nhiÃªn khÃ´ng quÃ¡ bá»±. MÃ¡y khÃ´ng Ä‘i kÃ¨m á»‘p vÃ  dÃ¡n mÃ n hÃ¬nh nÃªn náº¿u má»i ngÆ°á»i quyáº¿t Ä‘á»‹nh mua thÃ¬ mua luÃ´n á»‘p trÃªn shopee, vá»«a ráº» vá»«a Ä‘áº¹p. Do mÃ¬nh mua cho máº¹, chá»‰ xÃ i cÃ¡c tÃ¡c vá»¥ cÆ¡ báº£n nÃªn tháº¥y khÃ¡ mÆ°á»£t, chá»¥p hÃ¬nh tÆ°Æ¡ng Ä‘á»‘i
37	2	Sau 2 tuáº§n xÃ i thÃ¬ mÃ¬nh xin nháº­n xÃ©t nhÆ° sau.quáº£ng cÃ¡o pin khá»§ng 6000mah mÃ  sáº¡c100%.dÃ¹ng 2 phÃºt tá»¥t pin liá»n.pin nhanh háº¿t.chÆ°a Ä‘áº¿n 1 ngÃ y Ä‘Ã£ pháº£i sáº¡c láº¡i.cáº£i tiáº¿n má»›i nhÆ°ng k tÃ¬m hiá»ƒu sá»± cáº§n gÃ¬ cá»§a khÃ¡ch hÃ ng.Ä‘Ã³ lÃ  k cÃ³ bá»™ nhá»› táº¡m nhÆ° dÃ²ng j7 prime. Bá»™ nhá»› táº¡m ráº¥t cáº§n thiáº¿t váº­y mÃ  k cÃ³.
37	5	Giao hÃ ng nhanh giao nhanh vÃ  Ä‘Ã³ng gÃ³i ráº¥t tá»‘t, khÃ´ng mÃ³p mÃ©o há»™p. Samsung giao nhanh, shopee xá»­ lÃ½ Ä‘Æ¡n láº¹. Äiá»‡m thoáº¡i nguyÃªn seal tá»‘t cháº¥t lÆ°á»£ng
37	5	Sau 1 ngÃ y cÃ i cuá»‘c vá»›i em nÃ³ tháº¥y pin 6000 nhÆ°ng háº»o hÆ¡n k305G 4500 cá»§a mÃ¬nh nhiá»u, hÆ¡i bá»‹ tháº¥t vá»ng. NhÆ°ng vá» sáº£n pháº©m thÃ¬ cÅ©ng ok. Bá»¯a flashsale cÃ³ mall bÃ¡n 3500k nhÆ°ng ko cÃ³ mÃ u xanh nÃªn Ä‘Ã nh qua Ä‘Ã¢y mua 3700k, haizz.
37	5	ÄÃ³ng gÃ³i chÄƒc cháº¯n, thá»i gian giao hÃ ng hÆ¡i lÃ¢u, Ä‘iá»‡n thoáº¡i Ä‘áº¹p. Mua sÄƒn sale giÃ¡ cÅ©ng quÃ¡ há»i. Äá»ƒ xem sÃ i nhÆ° tháº¿ nÃ o Ä‘Ã¢y
37	5	Äiá»‡n thoáº¡i Ä‘áº¹p, mÃ n hÃ¬nh mÃ u ráº¥t Ä‘áº¹p, ráº¥t sÃ¡ng, pin siÃªu trÃ¢u xÃ i táº­n 3-4 ngÃ y má»›i pháº£i sáº¡c, chÆ¡i game náº·ng thÃ¬ hÆ¡i lag tÃ­
38	5	Trong BÃ¡n hÃ ng: Äiá»u quan trá»ng nháº¥t lÃ  báº¡n pháº£i biáº¿t Ä‘Æ°á»£c Nhu cáº§u cá»§a KhÃ¡ch hÃ ng..  . NgÆ°á»i bÃ¡n hÃ ng level cao luÃ´n náº¯m báº¯t vÃ  hiá»ƒu ráº¥t rÃµ Ä‘Æ°á»£c nhu cáº§u cá»§a khÃ¡ch. CÃ²n nhá»¯ng ngÆ°á»i bÃ¡n hÃ ng level tháº¥p thÃ¬ láº¡i láº§m tÆ°á»Ÿng nhu cáº§u cá»§a khÃ¡ch thÃ nh sáº£n pháº©m mÃ  khÃ¡ch há»i mua.
38	5	Giao hÃ ng nhanh, chuáº©n, cháº¥t lÆ°á»£ng tá»‘t, thank shop vÃ  shopee nhiá»u
38	5	LÃºc nháº­n hÃ ng thÃ¬ hÆ¡i sá»£,  Canh mÃ£i má»›i sale 2tr600 , mÃ¬nh xÃ i khoáº£ng 4 ngÃ y rá»“i , ráº¥t vip nha má»i ngÆ°á»i , giá»‘ng quáº£ng cÃ¡o , Ä‘Ãºng gu mÃ¬nh vá»«a ráº» vá»«a cháº¥t lÆ°á»£ng.
38	5	SÄƒn sale 12.12 nÃªn dc giÃ¡ ráº», mÃ¡y ok nháº¥t trong nhá»¯ng sáº£n pháº©m cÃ¹ng táº§m giÃ¡, cÃ¡m Æ¡n shop
38	5	MÃ n hÃ¬nh quÃ¡ Ä‘áº¹p, camera thÃ¬ hÆ¡i cÃ¹i 1 tÃ­,mÃ¡y Ä‘áº¹p mÆ°á»£t mÃ , nÃ³i chung quÃ¡ tuyá»‡t vá»i
38	5	Giao hÃ ng nhanh, Ä‘Ã³ng gÃ³i hÃ ng cáº©n tháº­n. MÃ¡y ngon okie nha mn Æ¡i
39	5	Cháº¥t lÆ°á»£ng Sáº£n pháº©m tá»‘t, rÃ¡p mÃ¡y ráº¥t vá»«a Ä‘Ã£ dÃ¹ng 2 ngÃ y khÃ´ng lá»—i.
39	5	
39	5	
39	5	
39	5	
39	5	
40	5	cháº¥t lÆ°á»£ng sáº£n pháº©m tuyá»‡t vá»i , giao hÃ ng nhanh vÃ  Ä‘Ã³ng gÃ³i Ä‘áº¹p
40	5	Cuteeeee phomaiiiiiiqueeeeeeeeee.â™¥ï¸â™¥ï¸â™¥ï¸â™¥ï¸â™¥ï¸â™¥ï¸â™¥ï¸â™¥ï¸â™¥ï¸â™¥ï¸â™¥ï¸â™¥ï¸â™¥ï¸â™¥ï¸. Kh gáº¯n sim Ä‘Æ°á»£c má»i ng Æ¡i mua tá»‘n tiá»n k lÃ m Ä‘c gÃ¬
40	5	dmdndndndndnxnnxnxncnfnf f tntrntmtmtmtmtmfcfcccc. vbbvv
40	5	áº¢nh khÃ´ng liÃªn quan Ä‘áº¿n Ä‘iá»‡n thoáº¡i.nhÆ°ng hÃ ng ráº¥t ok ....ráº¥t Ä‘Ã¡ng tiá»n.nhá» gá»n
40	5	SiÃªu cáº¥p Ä‘Ã¡ng yÃªu luÃ´n. Äi Ä‘Ã¢u cÅ©ng cÃ³ ngÆ°á»i há»i nhá» mua dÃ¹m luÃ´n Ã½
40	5	San fam ok láº¯m ....
41	5	cháº¥t lÆ°á»£ng ğŸ‘ğŸ‘ğŸ‘ğŸ‘ğŸ‘ Má»i thá»© Ä‘á»u tá»‘t Ä‘áº¹p hÆ¡n mong Ä‘á»£i MÃ¡y ráº¥t ok MÃ n hÃ¬nh Ä‘áº¹p , cháº¡y nhanh , bÃ n phÃ­m cháº¯c cháº¯n Shop uy tÃ­n láº¯m_ shop giao Ä‘ung máº«u e Ä‘Ã£ Ä‘áº·t Cáº£m Æ¡n shop nhiá»u .. LÃ  dá»‹p e sáº½ á»§ng há»™ ná»­a nha.... ChÃºc shop bÃ¡n nhiá»u hÃ ng ,..sá»‹n sÃ²
41	5	Giao hÃ ng nhanh, sáº£n pháº©m tá»‘t vÆ°á»£t mong Ä‘á»£i, Ä‘áº§y Ä‘á»§ pin sáº¡c nhÆ° shop giá»›i thiá»‡u. CÃ³ chÃºt tháº¯c máº¯c vÃ  Ä‘Æ°á»£c shop há»— trá»£ rÃ¡t nhiá»‡t tÃ¬nh. HÃ i lÃ²ng vÃ  táº·ng shop 5 sao.
41	5	****** ÄÃ¡nh giÃ¡ Ä‘Ã£ bá»‹ áº©n do ná»™i dung khÃ´ng phÃ¹ há»£p. ******
42	4	Giao hÃ ng nhanh,Ä‘t khÃ¡ nhá» nháº¯n ko biáº¿t cÃ³ ok khÃ´ng pháº£i dÃ¹ng 1 time má»›i biáº¿t Ä‘c........................................................
42	5	HÃ i lÃ²ng. Sáº£n pháº©m á»•n Ã¡p, giao hÃ ng nhanh, chá»§ shop nhiá»‡t tÃ¬nh. Xá»©ng Ä‘Ã¡ng 10 sao
42	5	Äiá»‡n thoáº¡i chuáº©n chÃ­nh hÃ£ng , mÃ n zin , main zin , nghe gá»i rÃµ , chuÃ´ng lá»›n , ráº¥t tá»‘t , sáº½ á»§ng há»™ shop láº§n sau nhÃ©  
42	5	MÃ¡y dÃ¹ng ok, chá»§ shop rep ib nhiá»‡t tÃ¬nh, dá»… thÆ°Æ¡ng. MÃ¬nh Ä‘Äƒng táº¡m áº£nh khÃ¡c Ä‘á»ƒ láº¥y xuğŸ˜‚
42	5	Äiá»‡n thoáº¡i siu xá»‹n láº¯p vÃ o má»Ÿ nguá»“n xÃ i ngon lÃ nh   mÃ¡y ráº¥t mÆ°á»£t luÃ´n, cÃ²n Ä‘Æ°á»£c báº£o hÃ nh ná»¯a, ráº¥t Ä‘Ã¡ng tiá»n mua. Chá»‹ chá»§ reply tin nháº¯n siu dá»… thÆ°Æ¡ng nha mngğŸ˜˜. Cháº¯c cháº¯n láº§n sau sáº½ á»§ng há»™ğŸ’™ğŸ’™
42	5	Äiá»‡n thoáº¡i má»›i láº¯m nha. Chá»§ shop dá»… thÆ°Æ¡ng ná»¯a. Shop Ä‘áº§u tiÃªn mua hÃ ng mÃ  chá»§ shop nháº¯n tin trÆ°á»›c cáº£m Æ¡n mÃ¬nh vÃ¬ Ä‘Ã£ Ä‘áº·t hÃ ng ğŸ˜Š 
43	5	chuáº©n cháº¥t lÆ°á»£ng tá»‘t
43	5	test mÃ¡y thÃ¬ mÃ¬nh tháº¥y nhÆ° sau. bá» sim vÃ  gá»i loa mÃ­c nghe rÃµ rÃ ng. sÃ³ng Ä‘áº§y luÃ´n. phá»¥ kiá»‡n cÃ¡p sáº¡c tai nghe Ä‘áº§y Ä‘á»§. nÃ³i chung mua online gáº·p dc shop tÆ° váº¥n rÃµ rÃ ng. nhiá»‡t tÃ¬nh. nÃ³i chung mua online gáº·p shop lÃ  yÃªn tÃ¢m. 5*****
43	5	phá»¥ kiá»‡n cÃ¡p sáº¡c tai nghe Ä‘áº§y Ä‘á»§. nÃ³i chung mua online gáº·p dc shop tÆ° váº¥n rÃµ rÃ ng. nhiá»‡t tÃ¬nh. nÃ³i chung mua online gáº·p shop lÃ  yÃªn tÃ¢m
43	5	con mÃ¡y khÃ¡ Ä‘áº¹p giao hÃ ng nhanh chÃº giao hÃ ng vui tÃ­nh nháº­n mÃ¡y lÃ  lÃªn táº·ng sao ngay 
43	5	sp ok. phá»¥c vá»¥ nhanh chÃ³ng. Tks shop ah. QuÃ¡ hÃ i lÃ²ng luon nha mn
43	5	tháº­t hoÃ n háº£o,cháº¥t lÆ°á»£ng Ä‘Ãºng nhÆ° shop quáº£ng cÃ¡o,mÃ¡y Ä‘áº¹p khÃ´ng tráº§y xÆ°á»›c mÃ³p mÃ©o gÃ¬, cÃ²n Ä‘áº§y Ä‘á»§ chá»©c nÄƒng hoáº¡t Ä‘á»™ng tá»‘t,cÃ¡c phÃ­m nháº¡y,mÃ¬nh hÃ i lÃ²ng láº¯m,shop bÃ¡n hÃ ng cÃ³ tÃ¢m, nhÃ¢n viÃªn tÆ° váº¥n nhiá»‡t tÃ¬nh,cháº¿ Ä‘á»™ háº­u mÃ£i rÃµ rÃ ng Ä‘em láº¡i sá»± an tÃ¢m cho khÃ¡ch hÃ ng khi sá»­ dá»¥ng sáº£n pháº©m,mÃ¬nh sáº½ giá»›i thiá»‡u 
44	5	Cute xá»‰u up xá»‰u down lun áº¡ :v cháº¥t lÆ°á»£ng ko biáº¿t vÃ¬ mÃ¬nh mua cho ngiu mÃ¬nh á»Ÿ xa. Nhg mÃ¬nh hÆ¡i tháº¯c máº¯c chá»— Ä‘á»ƒ sim sÃ¡t nhau váº­y cho vÃ o vÃ  láº¥y ra kiá»ƒu gÃ¬ vÃ¬ mÃ¬nh chÆ°a dÃ¡m thá»­ sá»£ máº¯c cmn sim trong Ä‘Ã³ deo láº¥y ra dc hicc
44	5	Sáº£n pháº©m tá»‘t. Shop tÆ° váº¥n nhiá»‡t tÃ¬nh. Sáº£n pháº©m tá»‘t. Shop tÆ° váº¥n nhiá»‡t tÃ¬nh. Sáº£n pháº©m tá»‘t. Shop tÆ° váº¥n nhiá»‡t tÃ¬nh. 
44	5	03598721650359872165035987216503598721650359872165035987216503598721650359872165035987216503598721650359872165035987216503598721650359872165035987216503598721650359872165035987216503598721650359872165. 035987216503598721650359872165035987216503598721650359872165035987216503598721650359872165035987216
44	5	Xinh tháº¿ nÃ y k mua thÃ¬ phÃ­..............................
44	5	MÃ¡y nhá» gá»n. Loa lá»›n. Pin á»•n nghe gá»i 3 ngÃ y sáº¡c 1 láº§n ..........
44	5	NhÃ¬n cÆ°ng xá»‰u, nhÆ° Ä‘á»“ chÆ¡i váº­y, nghe gá»i ok, ğŸ‘. Mua cho con gÃ¡i Ä‘i há»c mÃ  nhÃ¬n cÆ°ng quÃ¡ mua háº³ng 4 cÃ¡i, ai thÃ­ch thÃ¬ dÃ¹ng. Giao hÃ ng nhanh, Ä‘Ã³ng gÃ³i cáº©n tháº­n, shop tÆ° váº¥n nhiá»‡t tÃ¬nh, 5*.
45	5	Shop phá»¥c vá»¥ vÃ  tÆ° váº¥n nhiá»‡t tÃ¬nh giao hÃ ng nhanh cháº¥t lÆ°á»£g sáº£n pháº©m tuyá»‡t vá»›i
45	5	Â­ Â­Â­ Â­Â­ Â­Â­ Â­Â­ Â­Â­ Â­Â­ Â­Â­ Â­Â­ Â­Â­ Â­Â­ Â­Â­ Â­Â­ Â­Â­ Â­Â­ Â­Â­ Â­Â­ Â­Â­ Â­Â­ Â­Â­ Â­Â­ Â­Â­ Â­Â­ Â­Â­ Â­Â­ Â­Â­ Â­Â­ Â­Â­ Â­Â­ Â­Â­ Â­Â­ Â­Â­ Â­Â­ Â­Â­ Â­Â­ Â­Â­ Â­Â­ Â­Â­ Â­Â­ Â­Â­ Â­Â­ Â­Â­ Â­Â­ Â­Â­ Â­
45	5	QuÃ¡ ngon trong táº§m giÃ¡, chÆ¡i game mÆ°á»£t, Ä‘á»£i 7 ngÃ y unlock nhÆ°g chÆ°a biáº¿t up rom nÃ o? 
45	5	Sáº£n pháº©m tuyá»‡t vá»i, nguyÃªn seal. GiÃ¡o hÃ ng nhanh cháº¥t lÆ°á»£ng sáº£n pháº©m tá»‘t
45	5	HÃ ng chÆ°a dÃ¹ng nÃªn chÆ°a biáº¿t, dÃ¹ng sáº£n pháº©m má»™t thá»i gian dÃ i rá»“i sáº½ biáº¿t. Video mang tÃ­nh cháº¥t minh há»a. 
45	5	KhÃ¡ á»•n
46	5	Oke láº¯m lun má»›i gáº¯n vÃ´ Ä‘Ã£ lÃªn nguá»“n luÃ´n Ã²i xá»‹n cho 10 Ä‘iá»ƒmmmmmm
46	5	Sp Ä‘Ãºng mÃ u Ä‘Ãºng loáº¡i, Ä‘á»§ sá»‘ lÆ°á»£ng cháº¥t lÆ°á»£ng chÆ°a pÃ­t, dÃ¹ng táº¡m Ä‘c,...................,.................
46	5	Hxhhdjdhdhdhdhdhhdhdhdxjxjxjjxjdhdhdhhhhggggggggvvvgv
46	5	ÄÃ³ng gÃ³i ká»¹ cÃ ng. Giao hÃ ng nhanh chÃ³ng. Cháº¥t lÆ°á»£ng báº£o Ä‘áº£m. 5 sao. DÃ¹ng táº¡m áº£nh vÃ  video trong mÃ¡y. Má»i ngÆ°á»i thÃ´ng cáº£m.
46	4	Ngoáº¡i trÆ° vá» hÆ¡i ko khÃ­t láº¯m thÃ¬ táº¡m á»•n. 
46	5	TÆ° váº¥n nhiá»‡t tÃ¬nh. Äiá»‡n thoáº¡i ok nhÆ°ng pin cÃ³ váº» hÆ¡i yáº¿u. KhÃ´ng dÃ¹ng gÃ¬ Ä‘á»ƒ im 2 ngÃ y lÃ  cáº¡n rá»“i
47	5	Cháº¥t lÆ°á»£ng sáº£n pháº©m oke. ÄÃ³ng gÃ³i cháº¯c cháº¯n sáº¡ch sáº½ cáº©n tháº­n . GiÃ¡o hÃ ng nhanh
47	5	HÃ ng chuáº©n, sá»­ dá»¥ng ráº¥t tá»‘t ..,..............................
47	5	Giao hÃ ng khÃ¡ nhanh, sá»‘ lÆ°á»£ng Ä‘áº§y Ä‘á»§, hÃ¬nh  thá»©c nhÆ° mÃ´ táº£, Ä‘Ã³ng gÃ³i cháº¯c cháº¯n.
47	5	Giao haÌ€ng rÃ¢Ìt nhanh. ChÃ¢Ìt lÆ°Æ¡Ì£ng cuÌƒng ok, chÆ°a kiÌch Ä‘c baÌ‰o haÌ€nh 
47	5	ÄÃ³ng gÃ³i sáº£n pháº©m Ä‘áº¹p, cháº¯c cháº¯n, giao Ä‘Ãºng loáº¡i Ä‘Ãºng sá»‘ lÆ°á»£ng, bÆ°á»›c Ä‘áº§u test tháº¥y á»•n.
47	5	ÄÃ³ng gÃ³i sáº£n pháº©m Ä‘áº¹p, cháº¯c cháº¯n, giao Ä‘Ãºng loáº¡i Ä‘Ãºng sá»‘ lÆ°á»£ng, bÆ°á»›c Ä‘áº§u test tháº¥y á»•n.
48	5	Shop Ä‘Ã³ng gÃ³i cáº©n tháº­n, GHN cÅ©ng bá»c thÃªm 1 lá»›p nilon ngoÃ i ná»¯a . Giao hÃ ng siÃªu nhanh . Sp cÃ²n nguyÃªn seal , mÃ u xanh siÃªu Ä‘áº¹p , dá»… sá»­ dá»¥ng cho ngÆ°á»i lá»›n tuá»•i ( m mua cho Máº¹ ) , giÃ¡ tá»‘t dÃ¹ m ko canh flash sale . 
48	5	Giao hÃ nh nha, Ä‘Ã³ng gÃ³i cáº©n tháº­n. HÃ ng chÃ­nh hÃ£ng.nÃ³i chung lÃ  mÃ¬nh hÃ i lÃ²ng vá» sáº£n pháº©m. Äá»£i vÃ o hÃ´m tráº£i nghiá»‡m xem sao
48	5	MÃ¡y Ä‘áº¹p. Cháº¡y mÆ°á»£t. MÃ¬nh khÃ´ng tháº¥y bá»‹ nÃ³ng mÃ¡y nhÆ° nhiá»u báº¡n review. MÃ¬nh chÆ¡i game máº¥y tiáº¿ng má»›i tháº¥y hÆ¡i áº¥m nháº¹ chá»© khÃ´ng nÃ³ng. MÃ n hÃ¬nh hÆ¡i bá»‹ dÃ i nÃªn dÃ¹ng cam trÆ°á»›c cáº£m tháº¥y máº¯t cá»© nhÃ¬n xuá»‘ng. VÃ  mÃ¡y náº·ng cáº§m má»i.
48	5	.......................... .......................... .......................... .......................... .......................... ..........................
48	5	Do Ä‘iáº¹n thoáº¡i ngÆ°á»i khÃ¡c cáº§m nÃªn lÃ  láº¥y anbr khÃ´ng liÃªn quan. NhÆ°ng Ä‘iá»‡n thoáº¡i Ä‘áº¹p, giÃ¡ ráº» dÃ¹ng raqts thich thá»i gian giao hÃ ng nhanh
48	5	MÃ¡y má»›i, cÃ²n seal, cháº¡y mÆ°á»£t, pin Ä‘á»ƒ 3, 4 ngÃ y ko dÃ¹ng váº«n cÃ²n. Chá»‰ lÃ  dÃ¢y sáº¡c mÃ u Ä‘en ko thÃ­ch cho láº¯m.
49	5	Djjskdzmdnxnnasnksndnxnxxbbxnamsbxsbakksznxbbxjsmzmznznznznznxmxmxkxkxkxkxkxkmxnznxxnnxnxmxnxggjksksksbbsjsldmsbvacsjkxmxbsgshjdkdkdllskjhsbsnkdlxkxkxknbsjsjx
49	5	Mua láº§n thá»© 2 ko biáº¿t sá»­ dá»¥ng bá»n nhÆ° cÃ¡i dÄƒÌ€u hay ko.máº¥y má»›i cÃ²n dÃ¡n mÃ n hÃ¬nh.dÃ¹ng ok sáº½ á»§ng há»™ láº§n tiáº¿p
49	4	https://shopee.vn/product/199984838/7007349924?smtt=0.37535413-1607784120.9
49	5	Má»›i dÃ¹ng tháº¥y ok láº¯m.1 tuáº§n sau ko biáº¿t cÃ³ bá»n ko táº¡m cho 5 sao nha.maÌy má»›i Ä‘ep
49	5	Äáº¹p lm áº¡. DÃ¹ng bá»n hay k thi kpt áº¡. ÃkdosmsndjjslaksbdhfoslslkskdjdjxodkdksjhshdnnfmdmxjdiwhgavsndodksmsbÄ‘hdjslkÄ‘nxnxhhdjsksjxndbxhdjsksksnxbxbxnxndjdÃ³lsndbcnxkÃ¡nkdldmcnxnsjamdjccnxksl
49	5	Ráº¥t oki nha nha, xá»©ng giÃ¡ tiá»n, giao nhanh, cháº¥t lÆ°Æ¡ng okkkkkk
50	5	Shop giao hÃ ng nhanh vÃ  tÆ° váº¥n nhiá»‡t tÃ¬nh. MÃ¡y cÃ²n ráº¥t má»›i. Lsau mÃ¬nh sáº½ á»§ng há»™ tiáº¿p áº¡ :) 
50	5	MÃ¡y Ä‘á»c sÃ¡ch ráº¥t má»›i, cháº¡y ráº¥t tá»‘t. Shop bÃ¡n uy tÃ­n, cÃ³ phiáº¿u báº£o hÃ nh. 
50	5	MÃ¡y Ä‘áº¹p áº¡
50	5	MÃ¡y used nhÆ°ng gáº§n nhÆ° má»›i toanh, mÃ¬nh cÃ³ hiá»ƒu nháº§m chÃºt xÃ­u vá» sp nhÆ°ng CSKH há»— trá»£ ráº¥t nhiá»‡t tÃ¬nh. Mua qua Ä‘Ã¢y dc ko cáº§n mua nguyÃªn seal Ä‘Ã¢u nha bÃ  con 
50	5	Pin hÆ¡i nhanh háº¿t thÃ¬ pháº£i. NhÆ°ng shop ráº¥t nhiá»‡t tÃ¬nh giÃºp Ä‘á»¡ mÃ¬nh nÃªn cho 5sao áº¡
50	5	HÃ ng giao nhanh cá»±c ká»³, shop tÆ° váº¥n nhiá»‡t tÃ¬nh, bao da Ä‘áº¹p, mÃ¡y cháº¡y khÃ¡ mÆ°á»£t.
51	5	ÄÃ¡ng tiá»n. Cáº£m Æ¡n shop. XÆ°á»›c nháº¹ khÃ´ng áº£nh hÆ°á»Ÿng Ä‘áº¿n chá»©c nÄƒng. 
51	5	Sáº£n pháº©m cháº¥t lÆ°á»£ng á»•n, giÃ¡ pháº£i chÄƒng, shop giao hÃ ng siÃªu nhanh.
51	5	MÃ¡y Ä‘áº¹p. HÆ¡i xÆ°á»›c mÃ n chÃºt xÃ­u....khaianavslssbgshwvsjskshsjsj
51	5	NhÃ¢n viÃªn há»— trá»£ nhiá»‡t tÃ¬nh, mÃ¡y dÃ¹ng tá»‘t,................ Djjsjsjsns
51	5	Mua chiáº¿c nÃ y lÃ  chiáº¿c thá»© 2. Shop phá»¥c vá»¥ tá»‘t, láº¡i cÃ²n cÃ³ quÃ  táº·ng thÃªm kÃ­nh cÆ°á»ng lá»±c dÃ¡n mÃ n hÃ¬nh.. Highly recommend cho ai muá»‘n mua hÃ ng ppw4 used
51	5	Chiáº¿c mÃ¡y Ä‘á»c sÃ¡ch Ä‘áº§u tiÃªn sá»Ÿ há»¯u. HÃ ng used nhg cÃ²n khÃ¡ má»›i nhÆ° mÃ´ táº£. Bao da lá»‹ch sá»±, Ä‘Ã³ng vÃ o mÃ n hÃ¬nh kindle tá»± táº¯t.
52	5	MÃ¡y cÃ³ vÃ i váº¿t xÆ°á»›c táº¡m cháº¥p nháº­n Ä‘c vÃ¬ mÃ¡y dÃ¹ng rá»“i, bao da tÆ°á»Ÿng Ä‘c táº·ng má»›i chá»©, hic... nháº­n Ä‘c bao da thÃ¬ hÆ¡i tháº¥t vá»ng xÃ­u, mÃ¡y dÃ¹ng hai ngÃ y tháº¥y ok...
52	5	MÃ¡y cÅ© mÃ  hÃ¬nh thá»©c Ä‘áº¹p, cáº£m á»©ng nháº¡y, mÃ¬nh ráº¥t hÃ i lÃ²ng. CÃ³ Ä‘iá»u lÃ  láº§n nÃ y mua mÃ¡y nhÆ°ng shop ko cÃ i sáºµn tá»« Ä‘iá»ƒn nhÆ° láº§n trÆ°á»›c mÃ¬nh mua kindle ppw2.
52	5	MÃ¡y Ä‘áº¹p, hiá»‡n tháº¥y xÃ i khÃ¡ á»•n. Shop tÆ° váº¥n kÄ© vÃ  táº·ng quÃ  ná»¯a chá»©. 
52	5	MÃ¡y má»›i gáº§n nhÆ° 99.9% khÃ´ng 1 váº¿t tráº§y xÆ°á»›c. MÃ¬nh test mÃ¡y tháº¥y á»•n Ä‘á»‹nh. Shop cÃ²n tráº£ lá»i nhiá»‡t tÃ¬nh ná»¯a. 
52	5	MÃ¬nh Ä‘á»c sÃ¡ch truyá»‡n tranh tá»« há»“i cáº¥p 1, Ä‘áº¿n cáº¥p 3 Ä‘á»c truyá»‡n chá»¯ thÃªm 20 nÄƒm, trÆ°á»›c Ä‘á»c mÃ¡y tÃ­nh luyá»‡n ngÃ y Ä‘Ãªm, giá» mua kindle lÃ  quÃ¡ há»£p lÃ½ nhÃ© má»i ngÆ°á»i, Ä‘á»c chá»¯ khÃ´ng nÃ©t nhÆ° Ä‘iá»‡n thoáº¡i nhÆ°ng chá»¯ nhÆ° trÃªn sÃ¡ch Ä‘áº·c biá»‡t buá»•i tá»‘i tá»‘t cho máº¯t. á»p lÆ°ng ok cÃ³ táº¯t má»Ÿ mÃ n hÃ¬nh. HÃ ng chuáº©n nhÃ© shopğŸŒ¹
52	5	Shop gÃ³i hÃ ng cháº¯c cháº¯n vÃ  cáº©n tháº­n láº¯m luÃ´n. Cháº¥t lÆ°á»£ng mÃ¡y nhÆ° má»›i, cá»±c Æ°ng luÃ´n.
53	5	MÃ¡y Ä‘áº¹p. Shop chu Ä‘Ã¡o. J&T ship nhanh. MÃ¬nh Ä‘áº·t dá»‹p sale 12.12 mÃ  chiá»u 13 Ä‘Ã£ nháº­n mÃ¡y. . MÃ n cÃ³ váº¿t xÆ°á»›c nhÆ° mÃ´ táº£ nhÆ°ng nhÃ¬n bÃ¬nh thÆ°á»ng thÃ¬ gáº§n nhÆ° khÃ´ng tháº¥y. TrÆ°á»›c khi mua cÃ³ thá»ƒ ib shop Ä‘á»ƒ shop gá»­i video tÃ¬nh tráº¡ng mÃ¡y cho mÃ¬nh.. NÃ³i chung lÃ  má»i thá»© Ä‘á»u hÃ i lÃ²ng.
53	5	Sang cháº£nh Ä‘áº¹p nhÆ° má»›i xÆ°á»›c tÃ­ nhÃ¬n kÄ© má»›i tháº¥y. Pin trÃ¢u thÃ´i rá»“i. 
53	5	NÃªn mua nhÃ© má»i ngÆ°á»i. MÃ n hÃ¬nh tuy cÃ³ xÆ°á»›c nhiá»u náº¿u nhÃ¬n nghiÃªng nhÆ°ng ko áº£nh hÆ°á»Ÿng gÃ¬ Ä‘áº¿n viá»‡c Ä‘á»c cáº£. NhÃ¬n tháº³ng thÃ¬ ko tháº¥y váº¿t xÆ°á»›c. GiÃ¡ tá»‘t.
53	5	MÃ¡y cÃ³ xÆ°á»›c nháº¹ nhÆ° mÃ´ táº£, shop ráº¥t nhiá»‡t tÃ¬nh gá»­i video xem mÃ¡y trÆ°á»›c lÃºc order.. ÄÃ³ng gÃ³i cháº¯c cháº¯n. ÄÃ¢y lÃ  sp Ä‘ang tiá»n, ai khÃ´ng cÃ³ nhu cáº§u quÃ¡ cao vá» ngoáº¡i hÃ¬nh thÃ¬ Ä‘Ã¢y lÃ  sp nÃªn mua.
53	5	MÃ¢y hÆ¡i xÆ°á»›c nhÆ°ng mÃ n cÃ²n khÃ¡ Ä‘áº¹p, má»—i tá»™i Ä‘Ã¨n mÃ n hÃ¬nh hÆ¡i giÃ  vÃ  sÃ¡ng lá»‡ch khÃ´ng Ä‘á»u  pin váº«n á»•n vÃ  dÃ¹ng á»•n Ä‘á»‹nh. Shop tÆ° váº¥n nhiá»‡t tÃ¬nh
53	5	Ráº¥t hÃ i lÃ²ng vá» sáº£n pháº©m. Chá»§ shop tÆ° váº¥n ká»¹ vÃ  nhiá»‡t tÃ¬nh. Sáº½ cÃ²n á»§ng há»™ shop
54	5	mÃ¡y Ä‘áº¹p quÃ¡, shop giao hÃ ng Ä‘Ãºng chuáº©n luÃ´n, cÃ¡c chá»©c nÄƒng ráº¥t á»•n Ä‘á»‹nh, cáº¥u hÃ¬nh máº¡nh máº½ lÃªn máº¡ng xem phim, chÆ¡i game tuyá»‡t vá»i, mÃ n hÃ¬nh cáº£m á»©ng nháº¡y vÃ  sÃ¡ng ,giÃ¡ cáº£ há»£p lÃ½, mÃ¬nh ráº¥t hÃ i lÃ²ng vá»«a Ã½, cáº£m Æ¡n shop Ä‘Ã£ giao hÃ ng Ä‘Ãºng nhÆ° mong Ä‘á»£i
54	5	HÃ ng Ä‘áº¹p nha má»i ngÆ°á»i ngoáº¡i hÃ¬nh má»›i tinh zin 100% nÃ¨ cá»©ng cÃ¡p mÃ¡y khÃ´ng tráº§y luÃ´n .sim sÃ³ng full . ÄÃºng lÃ  quáº£ng cÃ¡o cÃ³ tháº­t . Cáº£m Æ¡n shop nhiá»u 
54	5	quÃ¡ Ä‘áº¹p, sáº£n pháº©m ráº¥t chuáº©n, shop giao hÃ ng Ä‘Ãºng háº¹n, test qua cÃ¡c chá»©c nÄƒng Ä‘á»u á»•n Ä‘á»‹nh mÃ n hÃ¬nh cáº£m á»©ng nháº¡y, mÃ u sáº¯c Ä‘áº¹p, wifi máº¡nh lÃªn máº¡ng chÆ¡i game lÆ°á»›t web xem phim ráº¥t mÆ°á»£t,camera sáº¯c nÃ©t,chá»¥p hÃ¬nh tá»± sÆ°á»›ng tuyá»‡t vá»i, nÃ³i chung mÃ¬nh ráº¥t vá»«a Ã½ vÃ  hÃ i lÃ²ng, cáº£m Æ¡n shop Ä‘Ã£ giao hÃ ng Ä‘Ãºng nhÆ° qu
54	5	tuyá»‡t vá»i. hÃ¬nh thá»©c chuáº©n, cÃ¡c á»©ng dá»¥ng ráº¥t mÆ°á»£t, mÃ n hÃ¬nh sáº¯c nÃ©t, cáº¥u hÃ¬nh máº¡nh, lÃªn máº¡ng ráº¥t mÆ°á»›t mÃ¡t. chÆ¡i game thÃ¬ khá»i nÃ³i. chÃ­nh hÃ£ng nÃªn sÃ i á»•n. nhÃ¢n viÃªn shop phá»¥c vá»¥ ráº¥t nhiá»‡t tÃ¬nh mÃ¡y Ä‘áº¹p hÆ¡n mÃ¬nh nghÄ©. tá»‘t
54	5	tháº­t tuyá»‡t, hÃ¬nh thá»©c quÃ¡ chuáº©n, cÃ¡c á»©ng dá»¥ng ráº¥t mÆ°á»£t, mÃ n hÃ¬nh sÃ¡ng sáº¯c nÃ©t, cáº¥u hÃ¬nh máº¡nh lÃªn máº¡ng choi fb ,,zalo chÆ¡i game oke,,ráº¥t thÃ­ch ,cáº£m Æ¡n shop nhÃ©, sáº½ á»§ng há»™ shop thÃªm nhiá»u sáº£n pháº©m cá»§a shop
54	5	Nháº­n viÃªn Giao hÃ ng nhanh nhiÃªt tÃ¬nh. Cáº£m Æ¡n shop Ä‘Ã£ tÆ° váº¥n . OK shop.. 
55	5	MÃ¡y tá»‘t , mÃ n hÃ¬nh to, cÃ³ 1 váº¿t xÆ°á»›c, cÃ²n láº¡i ok háº¿t, full chá»©c nÄƒng, camera Ä‘áº§y Ä‘á»§, nháº¡y, nhanh. Shop dÃ¡n kÃ­nh cÆ°á»ng lá»±c dÃ y quÃ¡ nÃªn cáº£m á»©ng k nháº¡y, 1 sá»‘ vÃ¹ng bá»‹ Ä‘Æ¡ cáº£m á»©ng nÃªn mÃ¬nh thÃ¡o kÃ­nh cÆ°á»ng lá»±c ra lÃ  á»•n háº¿t, Cáº£m Æ¡n shop. ChÃºc shop lÃ m Äƒn phÃ¡t Ä‘áº¡t! 
55	4	Sau 2 tuáº§n sá»­ dá»¥ng :. - HÃ¬nh thá»©c Ä‘áº¹p gáº§n nhÆ° má»›i ğŸ‘. Cáº£m á»©ng khÃ¡ nháº¡y, Ã¢m thanh á»•n, mÃ n 2k nhÆ°ng hÃ¬nh áº£nh chÆ°a Ä‘Æ°á»£c nhÆ° mong Ä‘á»£i ğŸ˜. Hiá»‡n mÃ¡y cÃ³ chÃºt váº¥n Ä‘á» shop hÆ°á»›ng dáº«n theo dÃµi thÃªm. Sáº¡c pin cháº­m táº­n 5h. - Shop nhiá»‡t tÃ¬nh, háº­u mÃ£i tá»‘t CSKH chu Ä‘Ã¡o.
55	5	ÄÃ³ng gÃ³i ráº¥t cáº©n tháº­n , cÃ³ thá»ƒ do váº­n chuyá»ƒn lÃ m há»™p mÃ³p mÃ©o chÃºt xÃ­u nhÆ°ng bÃªn trong ko áº£nh hÆ°á»Ÿng gÃ¬ nhiá»u.mÃ¡y háº¿t pin nÃªn KT chÆ°a Ä‘c .  MÃ¡y nhÆ° má»›i. cÃ³ Ä‘iá»u sáº¡c cáº¯m vÃ o hÆ¡i lá»ng 
55	5	Ngon Ä‘áº¹p mua láº§n 2 rá»“i váº«n tháº¥y tá»‘t cáº£m Æ¡n a shop Ä‘Ã£ táº·ng tn hiiiiiiiiiii
55	5	MÃ¡y tá»‘t trong táº§m giÃ¡, mÃ n to Ä‘áº¹p, Ã¢m thanh to. Camera thÃ¬ bÃ¬nh thÆ°á»ng, gá»i video call á»•n. MÃ¡y androi 7 nhÆ°ng váº«n cáº­p nháº­t á»©ng dá»¥ng tá»‘t áº¡, táº§m 3tr mÃ  nhÆ° nÃ y thÃ¬ ngon hÆ¡n ipad tháº¿ há»‡ cÅ© rá»“i áº¡. NÃ³i tÃ³m láº¡i máº¥y báº¡n cÃ³ nhu cáº§u xem phim, chÆ¡i game nháº¹ thÃ¬ mÃ¡y nÃ y tá»‘t trong táº§m giÃ¡ rá»“i áº¡
55	5	Shop bÃ¡n hÃ ng cá»±c ká»³ cÃ³ tÃ¢m. VÃ¬ mÃ¬nh á»Ÿ trong Nam nÃªn váº­n chuyá»ƒn hÆ¡i lÃ¢u nhÆ°ng ko sao, quan trá»ng lÃ  cháº¥t lÆ°á»£ng mÃ¡y. LÃºc Ä‘áº§u Ä‘á»c comments thÃ¬ hÆ¡i lo vá» Ä‘á»™ nháº¡y mÃ n hÃ¬nh nhÆ°ng may quÃ¡, mÃ¡y cháº¡y ráº¥t mÆ°á»£t & nháº¡y áº¡. Em sáº½ tiáº¿p tá»¥c á»§ng há»™ shop nhá»¯ng láº§n sau náº¿u cáº§n â¤ï¸ tks shop & chÃºc shop buÃ´n may bÃ¡n Ä‘áº¯t
56	5	sáº£n pháº©m ráº¥t tá»‘t ráº¥t vá»«a Ã½. gÃ³i hÃ ng cáº©n tháº­n. giao hÃ ng nhanh máº·c dÃ¹ mÃ¬nh á»Ÿ miá»n nam. tráº£ lá»i tin nháº¯n nhanh chÃ³ng. sáº½ tiáº¿p tá»¥c á»§ng há»™ shop láº§n sau. 
56	5	Vá» pháº§n cá»©ng thÃ¬ ok, mÃ¡y Ä‘áº¹p nhÆ° má»›i k tráº§y xÆ°á»›c hay Ã¡m á»‘ gÃ¬ háº¿t, cÃ³ thá»ƒ nÃ³i lÃ  hÆ¡n 99%, nhÆ°ng pháº§n má»m thÃ¬ mong shop cá»‘ gáº¯ng tá»‘i Æ°u chÃºt ná»¯a, Ä‘á»£i tin vui cá»§a shop nhÃ©
56	5	CÃ³ sáº¡c nhanh nhÆ°ng ko biáº¿t nhanh ko sp má»›i ok ğŸ‘Œtáº¹t vá»›i hhhhhhhhhh
56	5	HÃ ng nhÃ¬n cÅ©ng Ä‘áº¹p, pháº£i sá»­ dá»¥ng vÃ i ngÃ y má»›i biáº¿t , mÃ  shop pháº£n hÃ²i cháº­m trá»… ship Ä‘Æ°á»£c BH 6 thÃ¡ng láº­n cÆ¡ mÃ , vÃ  cá»§ sáº¡c nhÃ¬n cÅ© quÃ¡, sao khÃ´ng pháº£i lÃ  mÃ u tráº¯ng
56	5	MÃ¡y má»›i, hdsd táº­n tÃ¬nh, 5 sao ğŸ‘
56	5	Ngon bá»• ráº», shop nhiá»‡t tÃ¬nh
57	5	Giao hÃ ng nhanh, sáº£n pháº©m Ä‘áº§y Ä‘á»§ cáº£ cap sáº¡c, cháº¥t lÆ°á»£ng, shop táº·ng kÃ¨m á»‘p ğŸ¥°ğŸ¥°ğŸ¥°ğŸ¥°ğŸ¥°ğŸ¥°
57	5	okeeeer â¤ï¸â¤ï¸â¤ï¸â¤ï¸â¤ï¸â¤ï¸â¤ï¸â¤ï¸â¤ï¸â¤ï¸â¤ï¸â¤ï¸â¤ï¸â¤ï¸â¤ï¸â¤ï¸â¤ï¸â¤ï¸â¤ï¸â¤ï¸â¤ï¸â¤ï¸â¤ï¸
57	5	Sáº£n pháº©m ráº¥t tuyá»‡t vá»i ğŸ¤©ğŸ¤©. ÄÃ³ng gÃ³i ráº¥t lÃ  cáº©n tháº­n giÃ¡o hÃ ng khÃ¡ nhanh 
57	5	HÃ ng giá»‘ng mÃ´ táº£. Shop ráº¥t nhiá»‡t tÃ¬nh tÆ° váº¥n. Tiáº¿c cÃ¡i lÃ  trong lÃºc giao hÃ ng bá»‹ vá»¡ máº¥t kÃ­nh cÆ°á»ng lá»±c. HÆ¡i tiáº¿c 1 chÃºt thÃ´i cÃ²n cháº¥t lÆ°á»£ng thÃ¬ quÃ¡ oke vá»›i 1 sáº£n pháº©m ra Ä‘á»i tá»« 8 nÄƒm trÆ°á»›c
57	5	áº¤n tÆ°á»£ng Ä‘áº§u tiÃªn lÃ  nhÃ¬n mÃ¡y Ä‘áº¹p láº¯m, 99% nhÃ¬n nhÆ° mÃ¡y má»›i. Cáº§n dÃ¹ng thÃªm 1 tg ná»¯a Ä‘á»ƒ xem tháº¿ nÃ o Ä‘Ã£.
57	5	Giao hÃ ng nhanh hÃ ng Ä‘Ãºng nhÆ° shop quáº£ng cÃ¡o ok !
58	5	BÃºt xinh xáº¯n Ä‘Ã¡ng iu cute, quÃ¡ ráº» cho 1 cuá»™c tÃ¬nh, giao hÃ ng nhanhh
58	5	BÃºt nhá» nhá» xinh xinh. MÃ u mÃ¬nh nháº­n Ä‘Æ°á»£c Ä‘Ãºng mÃ u mÃ¬nh thÃ­ch luÃ´n
58	5	Sáº£n pháº©m Ä‘áº¹p tá»‘t mk ráº¥t thÃ­ch hdjdjvskkdjxbdixjdvhxjxhvjixhvsffzhavzbxk nbdnxjdj
58	5	ÄÃ³ng gÃ³i sáº£n pháº©m cáº©n tháº­n,ráº¥t Ä‘Ã¡ng tiá»n,cháº¥t lÆ°á»£ng sáº£n pháº©m tuyá»‡t vá»i 
58	4	XÃ i thá»­ cÅ©ng ok ko nháº¡y láº¯m pháº£i Ä‘Ã¨ máº¡nh má»›i cáº£m á»©ng Ä‘Æ°á»£c ğŸ˜‚ hoi thÃ¬ sÄƒn sale cÅ©g dc
58	5	em ko cÃ³ hÃªjejehehehhehehebebebebdbbebebbdbdbbsbsbsbbs
59	5	MÃ¡y ráº¥t ok nhaa, Ä‘Ã³ng gÃ³i cá»±c kÃ¬ cháº¯c tay, cáº©n tháº­n. MÃ¬nh mua mÃ¡y gen 3 loáº¡i hÆ¡i xÆ°á»›c nháº¹ viá»n ngoÃ i vÃ  mÃ n hÃ¬nh nhÆ°ng khÃ´ng áº£nh hÆ°á»Ÿng nhiá»u Ä‘áº¿n cháº¥t lÆ°á»£ng vÃ  kháº£ nÄƒng dÃ¹ng Ä‘á»c sÃ¡ch. Vá»›i giÃ¡ nÃ y thÃ¬ ráº¥t Ä‘Ã¡ng tiá»n mua ^^
59	5	MÃ¡y ráº¥t ráº¥t tá»‘t. Äá»c á»•n k má»i máº¯t. Giao hÃ ng nhanh vÃ  gÃ³i cÃ¢n tháº­n. Mong shop luÃ´n nhÆ° tháº¿. 
59	5	ÄÃ¡ng Ä‘á»“ng tiá»n bÃ¡t gáº¡o
59	4	HÆ¡i tháº¥t vá»ng khoáº£n Ä‘áº·t hÃ ng nhÆ°ng khÃ´ng bÃ¡o vá»›i khÃ¡ch lÃ  báº£n 2GB hay 4GB, cÃ²n láº¡i thÃ¬ ráº¥t ok.
59	5	Sáº£n pháº©m dÃ¹ng tá»‘t, ráº¥t Ä‘Ã¡ng tiá»n mua
59	5	MÃ¡y xinh xá»‰u luÃ´n áº¡, giao hÃ ng nhanh. MÃ¡y chá»‰ bá»‹ xÆ°á»›c nháº¹ mÃ  nhÃ¬n nhÆ° hÃ ng like new luÃ´n Ã¡ â¤ï¸â¤ï¸
60	5	MÃ¡y dÃ¹ng thÃ­ch, cáº£m á»©ng tá»‘t. Pin dÃ¹ng Ä‘c 4-5 tiáº¿ng Wifi. Giao hÃ ng nhanh
60	5	MÃ¡y cháº¡y mÆ°á»£t, cÃ³ sáº¡c Ä‘áº§y Ä‘á»§. Giao hÃ ng nhanhh tÆ° váº¥n nhiá»‡t tÃ¬nh nÃ¨. ChÃºc shop lun Ä‘áº¯t hÃ ng nha
60	5	MÃ¡y 98% mÃ¡y Ä‘áº¹p .chá»‰ bá»‹ tráº§y Ã­t á»Ÿ gÃ³c tai nghe .nhÆ°ng k sao áº¡ .â¤ï¸ ChÃºc shop mua may bÃ¡n Ä‘áº¯t ğŸ˜
60	5	Cháº¥t lÆ°á»£ng sáº£n pháº©m tuyá»‡t vá»i giao hÃ ng nhanh chÃ³ng Ä‘Ã³ng gÃ³i sáº£n pháº©m tuyá»‡t vá»i giao hÃ ng nhanh chÃ³ng
60	5	ÄÃ£ mua 3 cÃ¡i.HÃ ng cháº¥t lÆ°á»£ng, giao hÃ ng nhanh chÃ³ng, Ä‘Ã³ng gÃ³i sáº£n pháº©m tuyá»‡t vá»i. TÆ° váº¥n bÃ¡n hÃ ng nhiá»‡t tÃ¬nh. LÆ°á»i chá»¥p nÃªn Ä‘Äƒng táº¡m áº£nh .hi
60	5	TÆ° váº¥n nhiá»‡t tÃ¬nh nha. HÃ ng ok láº¯m luÃ´n. Láº§n Ä‘áº§u tiÃªn mua Ä‘á»“ Ä‘iá»‡n tá»­ qua máº¡ng mÃ  thÃ­ch cá»±c vÃ  Æ°ng Ã½ cá»±c luÃ´n. YÃªu cáº§u cá»§a mÃ¬nh chá»‰ lÃ  vá» pin tá»‘t vÃ  tháº­t sá»± thÃ¬ tá»‘t ngoÃ i mong Ä‘á»£i luÃ´n Ã½. MÃ¡y Ä‘á»ƒ wifi qua Ä‘Ãªm mÃ  k tá»¥t % nÃ o luÃ´n. CÃ³ Ä‘iá»u lÃ  mÃ¡y sáº¡c hÆ¡i lÃ¢u cháº¯c 4 5 tiáº¿ng má»›i Ä‘áº§y. 
61	4	MÃ¡y lag , shipper giao hÃ ng ráº¥t laauuuuuuuuuuuuuuuuuuuuuy
61	5	HÃ ng nhÆ° áº£nh...  NhÃ¬n ráº¥t má»›i ráº¥t Ä‘áº¹p...  Cáº£m Æ¡n shop ráº¥t nhiá»u. TÆ°Æ¡ng lai sáº½ cÃ²n á»§ng há»™ shop ğŸ˜‰
61	5	Giao hÃ ng nhah. ÄÃ³ng gÃ³i Ä‘á»§ , Ä‘áº¹p . MÃ¡y cháº­m . Shhssbsbsbsbsbsnsbsbsb
61	5	shop tÆ° váº¥n nhiá»‡t tÃ¬nh láº¯m cáº£m Æ¡n shop chÃºc shop buÃ´n bÃ¡n tháº­t Ä‘áº¯t hÃ ng. ğŸ˜˜
61	5	ÄÃ£ nháº­n mÃ¡y, xÃ i thá»­ máº¥y hÃ´m tháº¥y mÃ¡y ngon, mÃ  cháº¯c táº¡i mÃ¡y ngÃ y xÆ°a nÃªn cháº­m quÃ¡
61	5	HÃ ng Ä‘Ãºng mÃ´ táº£ Ä‘Ã³ng gÃ³i cáº©n tháº­n giao hÃ ng nhanh. ÄÃ£ dÃ¹ng thá»­ cháº¥t lÆ°á»£ng á»•n táº¡m hÃ i lÃ²ng
62	5	TÆ° váº¥n ráº¥t nhiá»‡t tÃ¬nh, giao hÃ ng nhanh, Ä‘Ã³ng gÃ³i cáº©n tháº­n vÃ  cá»±c dá»… thÆ°Æ¡ng luÃ´n Ã¡! HÃ ng nguyÃªn seal nhÃ¬n tháº¥y ngon mÃ  cháº¥t lÆ°á»£ng pháº£i xÃ i má»›i biáº¿t
62	5	Shop bá»c hÃ ng siÃªu siÃªu kÄ©, cÃ³ tháº» báº£o hÃ nh vÃ  hÆ°á»›ng dáº«n sá»­ dá»¥ng Ä‘áº§y Ä‘á»§, rÃµ rÃ ng. MÃ¡y cÅ©ng bÃ© xinh xinh ráº¥t tiá»‡n lá»£i. Sáº½ cÃ²n á»§ng há»™ shop
62	5	Shop há»— trá»£ nhiá»‡t tÃ¬nh. Giao hÃ ng nhanh. HÃ ng tá»‘t Ä‘Ã³ng gÃ³i cáº©n tháº­n. 
62	5	mÃ¡y Ref má»›i tinh giÃ¡ ráº¥t ráº» so vá»›i mÃ¡y má»›i ná»¯a, shop há»— trá»£ nhiá»‡t tÃ¬nh vÃ  giao hÃ ng nhanh chÃ³ng báº±ng Now. sáº½ á»§ng há»™ shop 
62	5	Cáº£m Æ¡n shop Ä‘Ã£ nhiá»‡t tÃ¬nh Ä‘á»•i láº¡i bao da khi gá»­i nháº§m. TÆ°Æ¡ng tÃ¡c cá»§a shop vá»›i ngÆ°á»i dÃ¹ng ráº¥t tá»‘t
62	5	MÃ¡y thá»© 2 mÃ¬nh mua. CÃ¡i nÃ y mua giÃ¹m báº¡n mÃ  mÃ¬nh Ä‘Æ°á»£c bÃ³c seal Ä‘á»ƒ chÃ©p sÃ¡ch giÃ¹m , hihi. thÃ­ch Æ¡i lÃ  thÃ­ch. Cáº£m Æ¡n Shop nhiá»u. Mua Kindle á»Ÿ Xaha chÆ°a há» há»‘i háº­n. TÆ° váº¥n nhiá»‡t tÃ¬nh, lÃ m cÃ³ tÃ¢m nÃªn mÃ¬nh viáº¿t bÃ¬nh luáº­n tá»‘t mong shop bÃ¡n Ä‘Æ°á»£c thÃªm nhiá»u sáº£n pháº©m.
63	5	Shop tÆ° váº¥n nhiá»‡t tÃ¬nh.mÃ¡y tÃ­nh báº£ng nháº­n Ä‘Æ°á»£c ngoáº¡i hÃ¬nh Ä‘áº¹p.hiá»ƒn thá»‹ mÃ u tá»‘t.ram 2gb nhÆ°ng chÆ¡i game liÃªn quÃ¢n mÆ°á»£t nhÃ©.Ä‘iá»ƒm trá»« lÃ  hÃ ng Ä‘áº·t lÃªn chá» hÃ ng lÃ¢u Æ¡i lÃ  lÃ¢u.váº«n cho 5 sao Ä‘á»ƒ á»§ng há»™ shop
63	5	MÃ¡y Ä‘áº¹p, dÃ¹ng nhu cáº§u giáº£i trÃ­ cÆ¡ báº£n ok, phÃ¹ há»£p trong táº§m tiá»n
63	5	Sáº£n pháº©m má»i thá»© khÃ¡ tá»‘t nhÆ°ng pháº§n má»m thÃ¬ hÆ¡i lá»—i xÃ­u, tuy nhiÃªn váº«n kháº¯c pá»¥c Ä‘Æ°á»£c. HÃ ng Ä‘áº·t trÆ°á»›c nhÆ°ng mÃ  giao nhanh láº¯m luÃ´n. Shop há»— trá»£ nhiá»‡t tÃ¬nh. Done ğŸ‘Œ
63	5	Sp Ä‘áº¹p Ä‘Ã³ng gÃ³i cáº©n tháº­n hÃ ng tá»‘t Ä‘Ã¡ng tiá»n trong táº§m giÃ¡ 
63	5	MÃ¡y ok,shop hÆ¡i sÆ¡ suáº¥t lÃ  mÃ¬nh báº£o Ä‘á»ƒ rom2 .nhÆ°ng shop láº¡i Ä‘á»ƒ rom 1,táº·ng shop 5 sao,Ä‘á»ƒ láº§n sau tá»‘t hÆ¡n ná»¯a
63	5	CÅ©ng Ä‘c so vs giÃ¡...
64	5	Giao hÃ ng nhanh . Chá»§ shop nhiá»‡t tÃ¬nh rep nhanh . LÃºc Ä‘áº§u mua cÅ©ng hÆ¡i lo vÃ¬ mua trÃªn máº¡ng nhÆ°ng mÃ  nháº­n vá» thÃ¬ mÃ¡y Ä‘áº¹p siÃªu hÃ i lÃ²ng ğŸ˜ŠğŸ˜ŠğŸ˜Š
64	4	ÄÃ³ng gÃ³i sp quÃ¡ tá»‡, nháº­n hÃ ng mÃ  rÃ¡ch cáº£ há»™p bÃªn ngoÃ i. May bÃªn trong quáº¥n khÃ¡ ká»¹ nÃªn cÅ©ng ko sao. Máº·t trc khÃ¡ á»•n mÃ  máº·t sau váº¥t tráº§y nhÃ¬u dÃ¹ Ä‘Ã£ phÃ¢n loáº¡i "MÃ¡y Ä‘áº¹p". Test mÃ¡y hÆ¡i lag mÃ  táº§m giÃ¡ nÃ y thÃ¬ cÅ©ng á»•n.
64	5	Shop Ä‘Ã³ng gÃ³i cá»±c cháº¯n cháº¯n luÃ´n ğŸ¤£ğŸ¤£ giao hÃ ng siÃªu nhanh , qua Ä‘áº·t nay Ä‘Ã£ cÃ³ luÃ´n :))) mÃ¡y má»›i láº¯m nha mn, sÄƒn 12/12 Ä‘c giÃ¡ ngon ğŸ˜› Ä‘c freeship ná»¯a chá»© â¤ï¸â¤ï¸â¤ï¸ liá»u mua thá»­ ipad trÃªn shoppe vÃ  cÃ¡i káº¿t viÃªn mÃ£n haha
64	5	MÃ¡y má»›i vÃ  Ä‘áº¹p. XÃ i wifi ok. GiÃ¡ tá»‘t. Sáº¡c pin khÃ¡ lÃ¢u.  Cáº¥u hÃ¬nh Ä‘áº¹p . Ä‘Ã¡ng muağŸ‘ğŸ‘ğŸ‘ğŸ‘
64	5	Hshshshhdhdjdhdjdjdjjdjdhdhhdhdhdhehdegrhrhhr ffcfff
64	5	Shop phá»¥c vá»¥ nhiá»‡t tÃ¬nh . doi cÃ¡i má»›i cho mÃ¬nh luÃ´n. VÃ¬ giao hÃ ng bá»‹ be gÆ°Æ¡ng. May pin trÃ¢u on dinh voi gia tiá»n. ChÃºc shop thÃ nh cÃ´ng. 11111111111111111111111
65	5	Chá»§ shop nhiá»‡t ráº¥t nhiá»‡t tÃ¬nh chu Ä‘Ã¡o. Sáº½ á»§ng há»™ trong tÆ°Æ¡ng lai
65	5	HÃ ng nguyÃªn seal. ChÄƒm sÃ³c khÃ¡ch hÃ ng chu Ä‘Ã¡o. Giao hÃ ng siÃªu nhanh . 5 sao
65	4	Giao mÃ¡y nguyÃªn há»™p, nguyÃªn seal. ÄÆ°á»£c kiá»ƒm tra tÃ¬nh tráº¡ng BH trÆ°á»›c khi th.toÃ¡n vÃ  nháº­n hÃ ng. Ok, sáº½ giá»›i thiá»‡u báº¡n bÃ¨ mua tiáº¿p. Thanks
65	5	hang nguyÃªn seal, mua 6/6 nhÆ°ng kÃ­ch hoáº¡t báº£o hÃ nh tá»« 21/5, khong hiá»ƒu sao. Máº¥t 2 tuáº§n ğŸ¤”. nhÃ  toÃ n dÃ¹ng SS nÃªn mua tab cho cÃ¹ng há»‡ sinh thÃ¡i. váº«n tháº¥y thÃ­ch hÆ¡n iPad
65	5	
65	5	
66	5	NguyÃªn seal nhÃ© má»i ngÆ°á»i. Shop nÃªn chÃº Ã½ pháº§n gÃ³i hÃ ng cáº§n bá»c ká»¹ hÆ¡n chÃºt ná»¯a
66	5	Giao nhanh, nguyÃªn seal, tá»‘t nhÃ© má»i ngÆ°á»iiiiiiiiiiiiiiiiiiiiiii
66	5	Láº§n Ä‘áº§u mua online má»™t mÃ³n Ä‘á»“ giÃ¡ trá»‹ lá»›n. HÆ¡i lo vÃ¬ shopee khÃ´ng cho má»Ÿ kiá»ƒm tra. NhÆ°ng hÃ ng nguyÃªn seal. Chá»§ shop nhiá»‡t tÃ¬nh. MÃ£ LL/A. QuÃ¡ tá»‘tğŸ‘Œ
66	5	KÃ­ch hoáº¡t báº£o hÃ nh ok, hÃ ng Má»¹...bÆ°á»›c Ä‘áº§u ok...
66	5	MÃ¡y ngon mÃ£ LL/A
66	5	good
67	5	ÄÃ³ng gÃ³i 2 lá»›p cáº©n tháº­n, giao hÃ ng nhanh, mÃ¡y sÃ i ok sáº¡t pin hÆ¡i lÃ¢u 1 tiáº¿ng khoáº£ng 10% 
67	5	Äáº·t mÃ u Ä‘en mÃ  giao mÃ u tráº¯ng. Hummm
67	5	Tháº­t hÃ i lÃ²ng khi nháº­n Ä‘Æ°á»£c sáº£n pháº©m cá»§a shop ,mÃ¡y Ä‘áº¹p quÃ¡, hoáº¡t Ä‘á»™ng á»•n Ä‘á»‹nh, cáº¥u hÃ¬nh máº¡nh, mÃ n hÃ¬nh cáº£m á»©ng nháº¡y mÃ u sáº¯c rá»±c rá»¡ nhÆ° mong Ä‘á»£i, shop giao hÃ ng nhanh Ä‘Ãºng háº¹n, cháº¥t lÆ°á»£ng Ä‘Ãºng nhÆ° quáº£ng bÃ¡, tháº­t Ä‘Ã¡ng Ä‘á»“ng tiá»n, cáº£m Æ¡n shop nhÃ© 
67	5	 mÃ¡y Ä‘áº¹p láº¯m, cáº¥u hÃ¬nh máº¡nh máº½, mÃ n hÃ¬nh sÃ¡ng mÃ u sáº¯c rá»±c rá»¡, cÃ¡c chá»©c nÄƒng hoáº¡t Ä‘á»™ng á»•n Ä‘á»‹nh, camera sáº¯t nÃ©t, lÆ°á»›t web chÆ¡i game youtube Zalo Facebook lÆ°á»›t Ãªm Ã¡i ,tháº­t lÃ  hÃ i lÃ²ng vá»›i sáº£n pháº©m, má»i ngÆ°á»i nÃªn á»§ng há»™ shop
67	5	Good
67	3	Nháº­n Ä‘c hÃ ng, OK sÃ i á»•n. NhÆ°ng Ä‘Ã¢y lÃ  hÃ ng Ä‘Ã£ qua sá»­ dá»¥ng, tráº§y xÆ°á»›c nhiá»u, khÃ´ng pháº£i zin gÃ¬ Ä‘Ã³ nhÆ° shop báº£o. Thá»© 2 lÃ  Ä‘Ã£ inbox shop láº¥y Ä‘Ãºng mÃ u giÃºp, cuá»‘i cÃ¹ng mua mÃ u Ä‘en shop láº¡i giao mÃ u tráº¯ng. Thá»© 3 lÃ  ráº¥t khÃ³ Ä‘á»ƒ cÃ i YouTube trÃªn app store. 
68	5	Cháº¥t lÆ°á»£ng sáº£n pháº©m hiá»‡n táº¡i tá»‘t, thá»i gian giao hÃ ng hÆ¡i lÃ¢u, shop Ä‘Ã³ng gÃ³i cáº©n tháº­n nÃªn cÅ©ng yÃªn tÃ¢m vÃ¬ tg giao hÃ ng lÃ¢u, giÃ¡ ráº» cÃ²n Ä‘Æ°á»£c táº·ng á»‘p sáº½ á»§ng há»™ shop nhiá»u 
68	5	MÃ¡y Ä‘áº¹p mÃ n Ä‘áº¹p náº¿u gÃ³c k xÆ°á»›t nÃ¡t thÃ¬ sáº½ Ä‘c 95% pin chai 17% nÃ³i chung giÃ¡ nÃ y thÃ¬ quÃ¡ ok shop ráº¥t cÃ³ tÃ¢m...chÃºc shop mau lÃ m giÃ u nha.
68	4	Giao hÃ ng hÆ¡i lÃ¢u nhÆ°ng nháº­n mÃ¡y thÃ¬ Ä‘Æ°á»£c táº·ng Ä‘áº§y Ä‘á»§ phá»¥ kiá»‡n, cá»§ sáº¡c, dÃ¢y sáº¡c, bao da, tai nghe, khe chá»t sim, mÃ³c khoÃ¡ ná»¯a. MÃ¡y tráº§y, mÃ³p nhiá»u gÃ³c vÃ  há»Ÿ ná»¯a, sá»­ dá»¥ng xÃ­u thÃ¬ tháº¥y pin nÃ³ng nhiá»u, nhanh háº¿t pin vÃ  loa nhá» láº¯m, khi order thÃ¬ mÃ u Ä‘en nháº­n mÃ¡y láº¡i lÃ  tráº¯ng ğŸ˜…. Chá»‰ cho shop 4 sao thÃ´i.
68	5	Sáº£n pháº©m tá»‘t
68	5	MÃ¡y bá»‹ cáº¥n 4 gÃ³c nhÆ°ng ko sao vÃ¬ lÃ  mÃ¡y 90% Ä‘Ã£ mua Ä‘Ã¢y láº§n thá»© 6 sáº½ tiáº¿p tá»¥c á»§ng há»™ shop
68	5	HÃ ng á»•n
69	5	Láº§n Ä‘áº§u mua kindle, mua xong tháº¥y cÅ©ng bÃ¬nh thÆ°á»ng...khÃ´ng Ä‘áº¿n ná»—i pháº¥n khÃ­ch nhÆ° nhiá»u ngÆ°á»i ğŸ˜„. MÃ¡y sá»­ dá»¥ng tá»‘t, shop chu Ä‘Ã¡o vÃ  thÃ¢n thiá»‡n.
69	5	MÃ¡y Ä‘áº¹p, Ä‘á»c sÃ¡ch ráº¥t ok. Shop  táº·ng kÃ¨m cÃ¡i cover ná»¯ tÃ­nh quÃ¡ :(
69	5	ThÃ­ch ngay tá»« cÃ¡i nhÃ¬n Ä‘áº§u tiÃªn
69	5	Shop giao nhanh. MÃ¡y sá»­ dá»¥ng tá»‘t. Cháº¥t lÆ°á»£ng sáº£n pháº©m tuyá»‡t vá»i
69	5	Sáº£n pháº©m tá»‘t, mÃ¡y nguyÃªn seal, bao da táº·ng kÃ¨m sá»­ dá»¥ng tá»‘t
69	5	ÄÃ£ nháº­n Ä‘c hÃ ng. Shop dá»… thÆ°Æ¡ng xá»‰uğŸ˜ 
70	5	Mua há»™ báº¡n nÃªn cÅ©ng k rÃµ nhÆ° nÃ o, cháº¯c ok. Giao hÃ ng á»•n ğŸ˜—ğŸ˜—ğŸ˜—ğŸ˜—ğŸ˜—ğŸ˜—ğŸ˜—ğŸ˜—
70	5	Abcdefhshabajjdjdnnd...........................................
70	5	Bsnsjsjsbsbsnsnamammamanznzjdjdjshsbsbsnsnnzbzznznnsns
70	5	Sáº£n pháº©m ok, giao hÃ ng nhanh, cháº¥t lÆ°á»£ng ok, phá»¥c vá»¥ ok hÃ ng ok
70	5	HÃ ng má»›i nguyÃªn!!! Shop gÃ³i hÃ ng kÄ©, giÃ¡ tá»‘t, Ä‘Æ¡n vá»‹ váº­n chuyá»ƒn ngÃ¢m hÃ ng hÆ¡i lÃ¢u lÃ m sá»‘t cáº£ ruá»™t, nÃ³i chung 5*, cÃ³ dá»‹p sáº½ ghÃ© shop mua tiáº¿p !!!
70	5	ÄÃ£ mua vÃ  test hÃ ng má»›i nguyÃªn seal. Ráº¥t hÃ i lÃ²ng. Sáº½ á»§ng há»™ láº§n sau!!!
71	5	Ok
71	5	Ok nÃ  mÃ¡y á»•n nÃ  ~
71	1	giao sáº£n pháº©m bá»‹ liá»‡t cáº£m á»©ng. ko lÆ°á»›t dc. ntin shop ko tl. 
71	5	San pham nay minh thich .nhumg hoi nho va khong biet ten hang la gi  .ko dung lenovo ma minh ao uoc nhung cung dc ok
71	4	MÃ¡y hÆ¡i giáº­t lag. . NgoÃ i ra khÃ´ng cÃ³ váº¥n Ä‘á» gÃ¬.
71	5	MAY DEP XEM TOT NHUNG PIN HOI YEU NOI CHUNG TIEN NAO CUA NAY OK
72	5	Sáº£n pháº©m á»•n so vá»›i má»©c giÃ¡, Ä‘Ã³ng gÃ³i ráº¥t cháº¯c cháº¯n. Shop phá»¥c vá»¥ nhiá»‡t tÃ¬nh . Thanh Shop ! 
72	5	Ipad2 á»•n, do Ä‘á»i mÃ¡y tháº¥p lÃªn cáº¥u hÃ¬nh cháº­m. PhÃ¹ há»£p vá»›i giÃ¡ tiá»n Ã­t, chá»‰ Ä‘á»ƒ xem áº£nh hoáº·c xem phim. ThÃ¬ ok. Náº¿u cÃ³ nhu cáº§u lÆ°á»›t web hoáº·c muá»‘n nhanh hÆ¡n thÃ¬ dÃ¹ng dÃ²ng cao hÆ¡n. ÄÃ³ng gÃ³i cháº¯c cháº¯n, Ä‘Ãºng nhÆ° yÃªu cáº§u
72	5	Thá»i gian giao hÃ ng nhanh. Shop Ä‘Ã³ng gÃ³i ráº¥t ká»¹. HÃ ng mÃ¬nh nháº­n vá» cÃ²n ráº¥t má»›i khÃ´ng cÃ³ váº¿t xÆ°á»›c nÃ o. Äiá»ƒm trá»« lÃ  hÆ¡i giáº­t lag nhÆ°ng khÃ´ng sao phÃ¹ há»£p vá»›i giÃ¡ tiá»n
72	5	ChÆ°a tháº¥y cÃ³ lá»—i gÃ¬. Cáº£m Æ¡n shop Ä‘Ã£ tÆ° váº¥n. M chá»‰ xem phim ,cho bÃ© há»c lÃªn ko cÃ³ nhu cáº§u game 
72	5	HÃ¬nh thá»©c Ä‘áº¹p nhÆ° má»›i. Sau hÆ¡i tráº§y 1 chÃºt ko Ä‘Ã¡ng ká»ƒ. MÃ n hÃ¬nh ko váº¿t xÆ°á»›c. Báº¯t wifi hÆ¡i kÃ©m. LÃºc Ä‘áº§u hÆ¡i giáº­t lag nháº¹, sau á»•n hÆ¡n rá»“i. Pin trÃ¢u dÃ¹ng máº¥y tiáº¿ng háº¿t cÃ³ 20%. Táº£i cÃ¡c á»©ng dá»¥ng OkğŸ‘Œ
72	5	mÃ¡y chuáº©n vÃ  Ä‘áº¹p nha. agsbhdienes sbsisjebsgsusjebshshsbsu
73	5	MÃ¡y mÆ°á»£t,pin cáº§m lÃ¢u,mÃ n hÃ¬nh hÆ¡i cÃ³ váº¿t xÆ°á»›c,cam trÆ°á»›c k Ä‘c nÃ©t cho láº¯m nhÆ°ng nchung vá»›i táº§m giÃ¡ nÃ y thÃ¬ quÃ¡ lÃ  ok,lÆ°á»›t web xem YouTube ngon lÃ nh,nÃªn muaâ¤ï¸
73	5	MÃ¡y Ä‘áº¹p láº¯m nha má»i ngÆ°á»i.shop cÃ²n vui tÃ­nh vÃ  chu Ä‘Ã¡o ná»¯a.mua wifi nhÆ°ng Ä‘Æ°á»£c luÃ´n cáº£ 4G :)).Tuyá»‡t quÃ¡ hÃ­ hÃ­
73	5	Mua láº§n thá»© 2 váº«n hÃ i lÃ²ng. Cháº¥t lÆ°á»£ng á»•n, kÃ­nh cáº£m á»©ng Ä‘Ã£ thay nhÆ°ng khÃ´ng áº£nh hÆ°á»Ÿng Ä‘áº¿n cháº¥t lÆ°á»£ng mÃ¡y. Vá»›i giÃ¡ 1143k cho ipad 3 lÃ  ráº». Quan trá»ng cÃ¡ch phá»¥c vá»¥ shop ok cho kiá»ƒm tra hÃ ng. HÃ ng hÃ³a Ä‘Ã³ng gÃ³i cáº©n tháº­n. ChÃºc shop ngÃ y cÃ ng uy tÃ­n....
73	5	Ipad dÃ¹ng ráº¥t mÆ°á»£t. Loa to. Mua vá» cho con há»c ráº¥t tiá»‡n áº¡.. thanks shop.
73	5	Shop ráº¥t nhiá»‡t tÃ¬nh. MÃ¡y tÃ­nh báº£ng váº«n dÃ¹ng tá»‘t má»i chá»©c nÄƒng. TrÃªn mÃ n hÃ¬nh cÃ³ váº¿t cháº¥m nhá», khÃ´ng áº£nh hÆ°á»Ÿng máº¥y. Giao hÃ ng nhanh. 
73	5	Mua láº§n 3 á»Ÿ shop sáº£m pháº©m ok nha..........................
74	5	
74	5	Mua lÃºc falsh sale bá»›t Ä‘c 800k, Ä‘c táº·ng pin dá»± phÃ²ng siÃªu thÃ­ch, mÃ¡y Ä‘á»i cÅ©, bá»™ nhá»› cÃ³ 16g nÃªn báº¯t máº¡ng hÆ¡i cháº­m táº£i gÃ¬ cÅ©ng cháº­m rÃ¹ so vá»›i Ä‘t cÅ©ng bá»™ nhá»› ,giÃ¡ thá»‹ trÆ°á»ng táº±m 4tr nÃªn hÃ¬nh áº£nh cÅ©ng hÆ¡i Ä‘á»¥c, ko sáº¯c nÃ©t, cho con chÆ¡i táº¡m, mai má»‘t cÃ³ Ä‘iá»u kiá»‡n mua cÃ¡i tá»‘t hÆ¡n.
74	5	ÄÃ£ nháº­n Ä‘c hÃ ng. Shop tÆ° váº¥n nhiá»‡t tÃ¬nh. Giao hÃ ng nhanh chÃ³ng.
74	5	MÃ¬nh mua há»™ nÃªn gá»­i cho báº¡n máº¥t rá»“i, tÃ­nh Ä‘Äƒng video unbox nhÆ°ng mÃ  5p nÃªn k táº£i lÃªn Ä‘Æ°á»£c, nÃ³i chung lÃ  báº¡n minh khen ok nha
74	5	MÃ¡y Ä‘áº¹p khÃ¡ Æ°ng so vá»›i giÃ¡ lÃ  ok mia cho con há»c tiáº¿ng anh ok, Ä‘c táº·ng sáº¡c dá»± phÃ²ng sá»‹n
74	5	Giao hÃ ng nhanh, sáº£n pháº©m má»›i, Ä‘áº¹p, phá»¥ kiá»‡n Ä‘áº§y Ä‘á»§, cÃ³ táº·ng sáº¡c dá»± phÃ²ng
75	5	Láº§n mua sáº£n pháº©m thá»© 2, váº«n cháº¥t lÆ°á»£ng trong táº§m giÃ¡ vÃ¬ mÃ¬nh chá»‰ sá»­ dá»¥ng lÆ°á»›t web, xem youtube nháº¹ nhÃ ng, mÃ¡y mÆ°á»£t
75	5	Má»i thá»© Ä‘á»u ok má»—i tá»™i sáº¡c lÃ¢u dÃ£ man okokokokokokokokokokokokokokokokokokok okokokokokokokokokokokokokokokokokokok
75	5	HÃ ng Ä‘áº¹p láº¯m shop . sáº½ quay láº¡i á»§ng há»™ tiáº¿p khi cÃ³ nhu cáº§u............................................... 
75	5	Giao hÃ ng nhanh chÃ³ng.shop phá»¥c vá»¥ tá»‘t.se á»§ng há»™ nhiá»u láº§n..... Ä‘Ã£ chá»¥p vÃ  quay thá»­
75	5	LÆ°ng hÆ¡i mÃ³p tÃ­, Ä‘áº·t báº£n 16g shop ship luÃ´n 32gb. Loa hÆ¡i nhá», cÃ²n láº¡i ok
75	4	tráº§y nhiá»u, chá»— sáº¡c khÃ³ cáº¯m jack sáº¡c do bá»‹ báº§m dáº­p nhiá»u, kiá»ƒu nÃ y cháº¯c nhanh há»ng dÃ¢y sáº¡c
76	5	Cháº¥t lÆ°á»£ng sáº£n pháº©m tuyá»‡t vá»i, Ä‘Ã³ng gÃ³i sáº£n pháº©m rata Ä‘áº¹p, má»i ngÆ°á»i nÃªn mua okkk n
76	5	Sáº£n pháº©m xÃ i ok. Pin cÅ©ng ok. CÃ´ chá»§ shop nhiá»‡t tÃ¬nh thÃ¢n thiá»‡n. Sáº½ á»§ng há»™ shop áº¡
76	5	Sáº£n pháº©m Ä‘áº¹p nhÆ° má»›i dÃ¹ hÃ ng 99%. Má»›i xÃ i nÃªn chÆ°a biáº¿t tháº¿ nÃ o.
76	5	Giao hÃ ng khÃ¡ á»•n, há»™p bá»c ká»¹ khÃ´ng mÃ³p mÃ©o. Má»›i nháº­n mÃ¡y mÃ¬nh tháº¥y mÃ¡y tá»‘t, Ä‘á»ƒ dÃ¹ng xem tháº¿ nÃ o. CÃ¡m Æ¡n shop
76	5	MÃ¡y má»›i láº¯m nha mn k váº¿t xÆ°á»›c luÃ´n nÃªn mua áº¡
76	5	ğŸ‘
77	5	ÄÃ³ng gÃ³i ráº¥t cháº¯c cháº¯n. Shop tÆ° váº¥n nhiá»‡t tÃ¬nh láº¯m luÃ´n. Cáº£m Æ¡n shop
77	5	Original product, fast delivery. Well packed. 
77	5	
77	5	Shop Ä‘Ã³ng gÃ³i hÃ ng ká»¹ lÆ°á»¡ng. Nháº­n hÃ ng Ä‘Ãºng nhÆ° miÃªu táº£. á»p lÆ°ng mÃ¬nh tÆ°á»Ÿng ráº» tiá»n ko ngá» cáº§m trÃªn tay thÃ­ch quÃ¡ chá»«ng thÃ­ch vÃ¬ hÃ¬nh áº£nh in Ä‘áº¹p sáº¯c sáº£o vÃ  fit vá»«a mÃ¡y.. . NgoÃ i ra cÃ²n Ä‘Æ°á»£c táº·ng kho sÃ¡vh hay sÆ°u táº§m tá»« shop ná»¯a. CÃ¡m Æ¡n nhiá»u nhÃ©, vote 5 sao
77	5	MÃ¡y cháº¥t lÆ°á»£ng ráº¥t tá»‘t. Shop ráº¥t nhiá»‡t tÃ¬nh
77	5	ship hÃ ng nhanh, Ä‘Ã³ng gÃ³i quÃ¡ cáº©n tháº­n má»Ÿ hÆ¡i lÃ¢u :))), hÃ ng chuáº©n nguyÃªn seal chÃ­nh hÃ£ng kÃ¨m phiáº¿u báº£o hÃ nh. cáº£m Æ¡n shop!
78	5	Nháº¯n cho shop gá»­i bao da mÃ u Ä‘á» thÃ¬ shop gá»­i cÃ¡i mÃ u Ä‘en.. MÃ¡y Ä‘áº¹p, dÃ¹ng mÆ°á»£t. 
78	5	Giao hÃ ng nhanh hÃ´m sau lÃ  nháº­n dc rá»“i. Há»— trá»£ tv nhiá»‡t tÃ¬nh. CÃ¡i nÃ y cho máº¹ mk xem phim. Hnao cÃ³ tiá»n mk mua cÃ¡i khÃ¡c Ä‘á»ƒ mk dÃ¹ng. 
78	5	Shop chÄƒm sÃ³c khÃ¡ch hÃ ng cá»±c ká»³ tá»‘t nhÃ¡! MÃ¡y láº§n Ä‘áº§u gá»­i vá» cho mÃ¬nh bá»‹ lá»—i vÃ  nháº§m cá»§ sáº¡c, shop gá»­i ngay cho mÃ¬nh cÃ¡i má»›i, ráº¥t thÃ­ch cÃ¡ch lÃ m viá»‡c cá»§a shop nÃ¨! CÃ³ dá»‹p sáº½ láº¡i á»§ng há»™ shop nha. 
78	5	MÃ¡y cÃ²n khÃ¡ má»›i tuy ra máº¯t Ä‘Ã£ lÃ¢u, pin dÃ¹ng á»•n nhÆ°ng xáº¡c khÃ¡ lÃ¢u má»›i Ä‘áº§y. Sá»­ dá»¥ng 2 hÃ´m chÆ°a tháº¥y lá»—i láº§m gÃ¬ hy vá»ng sáº½ bá»n. Shop giao Ä‘Ãºng vÃ  Ä‘á»§ ,gÃ³i hÃ ng ráº¥t cáº©n tháº­n khuyáº¿n mÃ£i thÃªm sá»£i tÃ³c ná»¯a chá»© hihi nÃ³i chung hÃ i lÃ²ng vá»›i shop 
78	5	Sáº£n pháº©m Ä‘Ãºng mÃ´ táº£ mÃ¡y tá»‘t áº¡ 
78	5	 láº§n Ä‘áº§u mua Ä‘á»“ Ä‘iá»‡n tá»­ trÃªn máº¡ng nhÆ°ng láº¡i ráº¥t Æ°ng. Shop tv nhiet tinh nÆ°a
79	5	Shop phá»¥c vá»¥ chu Ä‘Ã¡o. MÃ¡y lÃ  mÃ¡y cÅ© nhÆ°ng Ä‘áº¹p. Ngon lÃ nh. ÄÃ³ng gÃ³i gá»n gÃ ng Ä‘áº¹p Ä‘áº½, cháº¯c cháº¯n. Good
79	5	MÃ¡y Ä‘áº¹p nhÆ° tÆ° váº¥n! VÃ´ cÃ¹ng thÃ­ch! NhÃ¢n viÃªn tÆ° váº¥n ráº¥t nhiá»‡t tÃ¬nh!
79	5	NhÃ¢n viÃªn ráº¥t nhiá»‡t tÃ¬nh vÃ  há»— trá»£ háº¿t mÃ¬nh, cháº¿ Ä‘á»™ báº£o hÃ nh ráº¥t tá»‘t. NÃªn mua nhÃ© cÃ¡c báº¡n
79	5	MÃ¡y Ä‘áº¹p, dÃ¹ng tá»‘t áº¡. Shop dá»… thÆ°Æ¡ng láº¯m áº¡, cáº£m Æ¡n shop Ä‘Ã£ tráº£ lá»i cáº£ mÆ°á»i váº¡n cÃ¢u há»i vÃ¬ sao tá»« em :)) shop luÃ´n há»— trá»£ nhiá»‡t tÃ¬nh tÆ° váº¥n cho em, em á»Ÿ trong SÃ i GÃ²n nÃªn giao hÃ ng hÆ¡i lÃ¢u má»™t chÃºt nhÆ°ng khÃ´ng sao, mÃ¡y Ä‘áº¹p, shop cÃ³ tÃ¢m lÃ  quÃ¡ tá»‘t rá»“i áº¡. Ká»ƒ cÃ³ 10 sao em cÅ©ng táº·ng cho shop luÃ´n ^^ 
79	5	MÃ¬nh nháº­n Ä‘Æ°á»£c hÃ ng chá»‰ sau 2 ngÃ y order. Khi order mÃ¬nh cÃ³ há»i shop tÃ¬nh tráº¡ng mÃ¡y thÃ¬ Ä‘c bÃ¡o 97% mÃ  trá»i Æ¡i, khi nháº­n thÃ¬... hÆ¡n cáº£ mong Ä‘á»£i nha má»i ngÆ°á»i. NhÃ¬n mÃ£i má»›i tháº¥y Ä‘c má»™t Ä‘á»‘m á»‘. MÃ¬nh chÆ°a sá»­ dá»¥ng nÃªn chÆ°a biáº¿t tháº¿ nÃ o, cÃ²n cáº£m quan bÃªn ngoÃ i thÃ¬ cá»© cháº¥m shop 5 sao trÆ°á»›c Ä‘Ã£
79	5	MÃ¡y Ä‘áº¹p. Báº¡n nhÃ¢n viÃªn chÄƒm sÃ³c khÃ¡ch hÃ ng lÃ m viá»‡c nhanh gá»n
80	5	MÃ¡y Ä‘áº¹p, manf hinh dep cáº£m á»©ng tá»‘t. Máº·t sau báº±ng cao su cáº§m ráº¥t thÃ­ch vÃ  cháº¯c tay khÃ´ng bÃ¡m báº©n. Shop há»— trá»£ nhiá»‡t tÃ¬nh=> mÃ¬nh Ä‘Ã£ mua 2 mÃ¡y sáº½ á»§ng há»™ tiáº¿p
80	5	Shop Ä‘Ã³ng hÃ ng ráº¥t cáº©n tháº©n, 2 - 3 lá»›p. TÆ° váº¥n há»— trá»£ nhiá»‡t tÃ¬nh. MÃ¡y cáº§m ráº¥t thÃ­ch, á»‘p táº·ng kÃ¨m siÃªu kute
80	5	Sáº£n pháº©m oke láº¯m, dÃ¹ng 3 ngÃ y rá»“i chÆ°a tháº¥y cÃ³ váº¥n Ä‘á» gÃ¬ háº¿t, chá»‰ cÃ³ lÃºc Ä‘áº§u nÃºt nguá»“n khÃ´ng Ä‘Æ°á»£c nháº¡y láº¯m nhÆ°ng báº¥m vÃ i láº§n láº¡i bÃ¬nh thÆ°á»ng rá»“i. HÃ ng ship cÅ©ng ráº¥t nhanh, shop Ä‘Ã³ng gÃ³i cáº©n tháº­n, 3-4 lá»›p bá»c chá»‘ng sá»‘c. NgoÃ i ra thÃ¬ phá»¥ kiá»‡n, giáº¥y tá» Ä‘á»u cÃ³ Ä‘á»§, khÃ´ng cÃ³ Ä‘iá»ƒm nÃ o chÃª.
80	5	HÃ ng nguyÃªn seal, Ä‘Ã³ng gÃ³i cáº©n tháº­n, má»Ÿ mÃ¡y kÃ­ch hoáº¡t báº£o hÃ nh online Ä‘c 12 thÃ¡ng luÃ´n. ÄÆ°á»£c shop táº·ng tÃºi chá»‘ng shock vÃ  á»‘p silicon. Chá»§ shop ráº¥t nhiá»‡t tÃ¬nh, há»— trá»£ háº¿t mÃ¬nh. HÃ i lÃ²ng cáº£ vá» sáº£n pháº©m vÃ  cÃ¡ch phá»¥c vá»¥.
80	5	HaÌ€ng ref ban Ä‘aÌ‚Ì€u hoÌ›i ngaÌ£i nhuÌ›ng cuÌ‰a amazon neÌ‚n moÌ£i nguÌ›oÌ›Ì€i yeÌ‚n taÌ‚m. BoÌc seal maÌy moÌ›Ìi 100%, Ä‘uÌ›oÌ›Ì£c taÌ£Ì†ng caÌ‰ oÌ‚Ìp luÌ›ng laÌ‚Ìƒn tuÌi choÌ‚Ìng soÌ‚Ìc. Shop nhieÌ£Ì‚t tiÌ€nh hoÌ‚Ìƒ troÌ›Ì£. RaÌ‚Ìt haÌ€i loÌ€ng.
80	5	Chá»§ shop thÃ¢n thiá»‡n, há»— trá»£ tÆ° váº¥n nhiá»‡t tÃ¬nh. Giao hÃ ng nhanh. MÃ¡y nguyÃªn seal, hÃ ng refurbished nÃªn trong há»™p giáº¥y, shop táº·ng kÃ¨m á»‘p lÆ°ng vÃ  tÃºi chá»‘ng sá»‘c ná»¯a â¤ GiÃ¡ quÃ¡ tá»‘t cho máº·t hÃ ng cháº¥t lÆ°á»£ng nhÆ° váº­y. Ráº¥t hÃ i lÃ²ng. Cáº£m Æ¡n shop ráº¥t nhiá»u.
81	5	Shop bá»c hÃ ng ráº¥t cáº©n tháº­n, giao hÃ ng nhanh, mÃ¡y tÆ°Æ¡ng Ä‘á»‘i Ä‘áº¹p, ráº¥t lÃ  Æ°ng cÃ¡i bá»¥ng nÃ =)))
81	5	MÃ¡y má»›i, sá»­ dá»¥ng tá»‘t, Ä‘Ã³ng gÃ³i cáº©n tháº­n. Láº§n sau sáº½ mua á»§ng há»™ shop ná»¯a
81	5	MÃ¡y má»›i , pin cáº§m
81	5	HÃ ng dÃ¹ng tá»‘t , shop tÆ° váº¥n nhiá»‡t tÃ¬nh ğŸ˜ğŸ˜
81	5	Nháº­n hÃ ng nhanh hÆ¡n tÆ°á»Ÿng tÆ°á»£ng hÃ´m qua má»›i Ä‘áº·t mÃ  hÃ´m nay Ä‘Ã£ nháº­n Ä‘Æ°á»£c hÃ ng rá»“i . nhÆ°ng mÃ  khÃ¡ lÃ  oki má»›i láº¥y vá» dÃ¹ng tháº¥y oki nhÆ°ng khÃ´ng biáº¿t dÃ¹ng lÃ¢u sáº½ ra sao giÃ¡ cáº£ há»£p lÃ½
81	5	Ipad toÃ n bá»‹ lá»—i Ä‘Äƒng nháº­p icloud. MÃ  Ä‘en cÃ¡i icloud Ã´ nÃ y bá»‹ khoÃ¡ r. MÃ¡y thÃ¬ ok mÃ  dÃ­nh cloud thÃ¬ thua
82	5	Shop há»— trá»£ nhiá»‡t tÃ¬nh, Sáº£n pháº©m tá»‘t so vs giÃ¡, lÆ°u Ã½ cho má»™t sá»‘ báº¡n chÆ°a biáº¿t lÃ  náº¿u bÃ n phÃ­m ko hoat Ä‘á»™ng nÃªn dá»±ng mÃ¡y vs bÃ n phÃ­m Ä‘á»ƒ sáº¡c tá»« tÃ­nh cho bÃ n phÃ­m.
82	5	HÃ ng giao trong 2 ngÃ y.ÄÃ³ng gÃ³i cáº©n tháº­n. CÃ²n nguyÃªn seal táº¥t cáº£ sp bao gá»“m : 1 MTB 1 Keyboard 1 bÃºt. CSKH nhiá»‡t tÃ¬nh hÆ°á»›ng dáº«n cÃ¡ch káº¿t ná»‘i mÃ¡y vÃ  keyboard. Má»›i Ä‘áº§u láº¯p vÃ o hÆ¡i khÃ³ káº¿t ná»‘i tÃ­ do keyboard k cÃ³ pin. Pháº£i cáº¯m vÃ o mÃ¡y Ä‘á»ƒ sáº¡c 1 lÃºc
82	5	
82	5	Great product!!. really nice packageï¼Œfast deliveryï¼Œproduct is really nice!! I can use it when I work even can draw picturesï¼Œbesides price is really good~. I will support Huawei all the time. 
82	5	HÃ ng ok.
82	1	HÃ ng ráº¥t Ä‘áº¹p, mÃ¡y tá»‘t nhÆ°ng shop gá»­i cho mÃ¬nh cÃ¡i bÃ n phÃ­m há»ng ! . ÄÃ£ lÃªn trung tÃ¢m báº£o hÃ nh Ä‘á»•i cÃ¡i bÃ n phÃ­m khÃ¡c nhÆ°ng nÃ³i tháº­t lÃ  tá»« hÃ´m lÃªn báº£o hÃ nh Ä‘áº¿n giá» lÃ  2 tuáº§n rá»“i mÃ¬nh váº«n chÆ°a nháº­n láº¡i Ä‘Æ°á»£c mÃ¡y cá»§a mÃ¬nh.. KhÃ´ng ngá» huawei láº¡i lÃ m Äƒn chÃ¡n Ä‘áº¿n tháº¿.
83	5	HÃ ng nguyÃªn seal, tks shop
83	5	Ok 
83	5	Toáº¹t vá»i!!!!!
83	5	Sáº£n pháº©m tá»‘t. MÆ°á»£n. Cháº¡y á»•n vá»›i táº§m giÃ¡ 2tr. Coi youtube game nháº¹ thoáº£i mÃ¡i. Pin lÃ¢u.  
83	5	MÃ¡y Ä‘áº¹p, shop tÆ° váº¥n nhiá»‡t tÃ¬nh
83	5	MÃ¬nh á»Ÿ Quáº£ng Nam mÃ  Ä‘áº·t 2 ngÃ y Ä‘Ã£ nháº­n dc hÃ ng. Shop ráº¥t nhiá»‡t tÃ¬nh tÆ° váº¥n. Thanks shop.
84	5	ÄÃ³ng gÃ³i sáº£n pháº©m cáº©n tháº­n. Shop váº«n chÆ°a giáº£i Ä‘Ã¡p háº¿t tháº¯c máº¯c cá»§a mÃ¬nh vá» sáº£n pháº©m.
84	5	Sáº£n pháº©m nhÃ¬n gá»n gÃ ng Ä‘áº¹p. sÃ¬ gÃ²n Ä‘áº·t thá»© 7 mÃ  thá»© 3 má»›i nháº­n Ä‘Æ°á»£c.. GÃ³i hÃ ng ká»¹, cÆ¡ mÃ  ai cÅ©ng cÃ³ box cá»§a mÃ¡y nguyÃªn báº£ng, mÃ¬nh ko cÃ³, shop gÃ³i xá»‘p khÃ­, vÃ  box carton ğŸ˜¢. Ko biáº¿t do má»›i xÃ i hay sao, mÃ  sang trang hay cáº£m á»©ng nÃ³ cá»© giáº­t giáº­t, lÃ¢u dÃ i ko biáº¿t lcd bá»n ko ná»¯a.. Shop hÆ°á»›ng dáº«n chi tiáº¿t.
84	5	Giao hÃ ng nhanh vÃ  Ä‘Ã³ng gÃ³i cháº¯c cháº¯n. Ban Ä‘áº§u sáº£n pháº©m cá»§a mÃ¬nh hÆ¡i bá»‹ váº¥n Ä‘á» nhÆ°ng shop ráº¥t nhiá»‡t tÃ¬nh há»— trá»£, mÃ¬nh pháº£i ship ngÆ°á»£c láº¡i shop Ä‘á»ƒ shop cÃ i koreader sáºµn vÃ o mÃ¡y cho mÃ¬nh vÃ  shop chá»‹u háº¿t phÃ­ ship vÃ  giáº£i quyáº¿t Ä‘Ã¢u vÃ o Ä‘áº¥y nÃªn cáº£m giÃ¡c ráº¥t uy tÃ­n áº¡. 
84	5	MÃ¬nh khÃ´ng hiá»ƒu shop bÃ¡n hÃ ng kiá»ƒu gÃ¬,  nÃ³i lÃ  hÃ ng cÅ© mÃ  má»Ÿ ra xem khÃ´ng tháº¥y cÃ³ váº¿t xÆ°á»›c nÃ o . Náº¿u khÃ´ng nÃ³i lÃ  hÃ ng cÅ© thÃ¬ khÃ´ng biáº¿t Ä‘Æ°á»£c luÃ´n ğŸ¤· . Má»›i má»Ÿ lÃªn xem thá»­ vÃ i trang sÃ¡ch mÃ  tháº¥y mÃª luÃ´n rá»“i,  Ä‘Ã¡nh giÃ¡ cho shop â­â­â­â­â­ 
84	5	MÃ¡y Ä‘áº¹p khÃ´ng cÃ³ gÃ¬ Ä‘á»ƒ chÃª, mong sáº½ cÃ³ cÆ¡ há»™i mua thÃªm sáº£n pháº©m cá»§a shop.
84	5	Shop giao thiáº¿u quÃ  táº·ng, nhÆ°ng Ä‘Ã£ giao láº¡i thÃªm, ráº¥t hÃ i lÃ²ng. MÃ¡y Ä‘Ã£ sá»­ dá»¥ng nhÆ°ng cÃ²n nhÆ° má»›i, háº§u nhÆ° khÃ´ng cÃ³ xÆ°á»›t, giÃ¡ má»m.
85	5	sp ráº¥t tá»‘t, vá»«a váº·n vá»›i nhu cáº§u cá»§a mÃ¬nh, giÃ¡ phÃ¹ há»£p, báº£o hÃ nh uy tÃ­n, Ä‘á»c sÃ¡ch trong Ä‘Ãªm khÃ´ng bá»‹ má»i máº¯t, nháº¹ ná»¯a. 10* cho shop
85	5	Giao hÃ ng nhanh vÃ  tá»‘t. 5 sao nha shop. Gá»­i mÃ¡y sau Ä‘áº¹p cho chá»‹ nha 
85	5	Kindle nháº­t . Giao hÃ ng nhanh, Ä‘Ãºng chá»§ng loáº¡i, new 100%. Má»—i ngÃ y dÃ¹ng 1 tiáº¿ng vá»›i Ä‘á»™ sÃ¡ng 50% thÃ¬ Ä‘c 10 ngÃ y
85	5	MÃ¡y má»›i, giÃ¡ má»m hÆ¡n háº³n nÆ¡i khÃ¡c, nguyÃªn seal, check Amazon chuáº©n cÃ²n báº£o hÃ nh Ä‘Ãºng 1 nÄƒm. Ráº¥t hÃ i lÃ²ng. Sáº½ cÃ²n quay láº¡i á»§ng há»™ shop.
85	5	SP Ä‘áº¿n tay mÃ¬nh rá»“i!. C Æ¡n sá»± chá»‹u khÃ³, táº­n tÃ¬nh, chu Ä‘Ã¡o cá»§a qÃºy shop dÃ nh cho khÃ¡ch hÃ ng.. CV cÃ¡c báº¡n tháº­t Ã½ nghÄ©a, lÃ  cáº§u ná»‘i cho má»i ngÆ°á»i Ä‘áº¿n vá»›i tri thá»©c vÃ  háº¡nh phÃºc.. ChÃºc cÃ¡c báº¡n sá»©c khoáº», niá»m vui trong vÃ  ngoÃ i cÃ´ng viá»‡c.. (Sá»© máº¡ng Ä‘á»“ng tiá»n, váº­t cháº¥t Ä‘Ã³ lÃ  lan toáº£ táº¥m lÃ²ng, tÃ¬nh thÆ°Æ¡ng.)
85	5	ÄÃ£ nháº­n Ä‘Æ°á»£c hÃ ng, hÃ¬nh thá»©c Ä‘áº¹p, vá»«a Ã½, Ä‘ang mÃ² máº«m cÃ¡ch sá»­ dá»¥ng, cháº¯c nhá» shop há»— trá»£
86	5	Sáº£n pháº©m ráº¥t tá»‘t,phÃ¹ há»£p giÃ¡ tiá»n, shop cÃ³ hÆ°á»›ng dáº«n Ä‘áº§y Ä‘á»§ cÃ¡ch sá»­ dá»¥ng 
86	5	Shop phá»¥c vá»¥ ráº¥t tá»‘t. Sáº£n pháº©m cÃ²n nguyÃªn seal.
86	5	Shop giao hÃ ng nhanh, bá»c gÃ³i cáº©n tháº­n, nguyÃªn há»™p. MÃ¡y tráº¯ng nÃªn ráº¥t dá»… thÆ°Æ¡ng, bao da v chá»‘ng xÃ³c mÃ u nhÃ£ nháº·n v sáº¡ch sáº½. CÃ³ tem báº£o hÃ nh v táº·ng kÃ¨m mÃ³c khoÃ¡ ráº¥t Ä‘áº¹p. Ban Ä‘áº§u ráº¥t hÃ i lÃ²ng, mÃ¡y thÃ¬ cáº§n sá»­ dá»¥ng thá»i gian má»›i biáº¿t!
86	5	LÃºc giao thÃ¹ng giáº¥y bÃªn ngoÃ i hÆ¡i mÃ³p mÃ©o khÃ´ng Æ°ng láº¯m nhÆ°ng kiá»ƒm tra vá» mÃ¡y bÃªn trong váº«n nguyÃªn váº¹n, mÃ¡y cÃ²n má»›i. MÃ¡y cáº§m nhá» gá»n vá»«a tay, thÃ­ch há»£p Ä‘á»c sÃ¡ch vÃ  tiá»‡n lá»£i bá» vÃ o tÃºi xÃ¡ch khi cáº§n di chuyá»ƒn
86	5	Äáº¹p
86	5	MÃ¡y nháº¹, mÃ  hÆ¡i trÆ¡n. Ko cÃ³ miáº¿ng grip hay á»‘p thÃ¬ dá»… tuá»™t khá»i tay. CÃ²n Ä‘á»c sÃ¡ch ngoáº¡i ngá»¯ vÃ  tra tá»« Ä‘c luÃ´n thÃ¬ Ä‘Ãºng lÃ  ráº¥t tiá»‡n
87	5	hÃ ng Ä‘áº¹p 99%, shop nhiá»‡t tÃ¬nh, giao hÃ ng nhanh
87	5	HÃ ng á»•n trong giÃ¡ Ä‘Ã³,Ä‘Ã³ng gÃ³i sáº£n pháº©m cháº¯c cháº¯n,shop phá»¥c vá»¥ ráº¥t tá»‘t
87	5	ChuÌ‰ shop nhiÃªÌ£t tiÌ€nh. UÌ‰ng hÃ´Ì£ 5*
87	5	May khÃ¡ á»•n trong táº§m giÃ¡. MÃ n hÃ¬nh Ä‘áº¹p nhÆ°ng cáº£m á»©ng hÆ¡i cháº­m . MÃ  cÃ³ má»—i 2tr5 k Ä‘Ã²i há»i j nhiá»u:). Ps :mÃ¡y k há»— trá»£ xáº¡c nhanh máº¥t hÆ¡i lÃ¢u chÃºt
87	5	sáº£n pháº©m tá»‘t, shop há»• trá»£ nhiá»‡t tÃ¬nh
87	5	Sau gáº§n 1 tuáº§n xÃ i thá»­ thÃ¬ tháº¥y táº¥t cáº£ Ä‘á»u ok háº¿t. Äáº§u tiÃªn ráº¥t áº¥n tÆ°á»£ng vá»›i sá»± nhiá»‡t tÃ¬nh cá»§a anh chá»§ shop. Nhá» phÃ¡t lÃ  áº£nh lÃ m liá»n hehe. MÃ n hÃ¬nh ok khÃ´ng váº¿t xÆ°á»›c, pin 93% xÃ i cÅ©ng dc táº§m 7 giá» liÃªn tá»¥c. QuÃ  táº·ng kÃ¨m Ä‘áº§y Ä‘á»§ cáº£. Cáº£m tháº¥y ráº¥t á»•n Ã¡p cho sáº£n pháº©m mua á»Ÿ Ä‘áº­y. CÃ¡m Æ¡n nhiá»u 
88	5	ÄÃ£ nháº­n Ä‘Æ°á»£c hÃ ng, sáº£n pháº©m tuyá»‡t vá»i, sáº½ á»§ng há»™ shop tiáº¿p tá»¥c ná»¯a .
88	5	Mua cá»§a shop cÅ©ng kha khÃ¡ sáº£n pháº©m rá»“i. Iphone ipad Ä‘á»§ cáº£. Tháº¥y dÃ¹ng á»•n nha mn
88	5	HÃ ng ngon láº¯m nha. HÃ ng tá»‘t láº¯m nha. Mua vá» dÃ¡n cÃ¡i ipad liá»n :)))
88	5	Shop Ä‘Ã³ng gÃ³i Ä‘áº¹p vÃ  chuyÃªn nghiá»‡p. Sáº£n pháº©m cháº¥t lÆ°á»£ng. Mua Ä‘á»£t sale nÃªn Ä‘Æ°á»£c giÃ¡ quÃ¡ tá»‘t. 
88	5	HÃ ng Ä‘áº¹p,giao hÆ¡i lÃ¢u tÃ­,nhÆ°ng nháº­n hÃ ng ko tháº¥t vá»ng tÃ­ nÃ o,cÃ¡m Æ¡n shop,chÃºc phÃ¡t triá»ƒn 
88	5	HÃ ng nguyÃªn seal báº£o hÃ nh chÃ­nh hÃ£ng viá»‡t nam, giÃ¡ ráº¥t tá»‘t khi Ä‘c hÃ ng sale, Ä‘Ã£ á»§ng há»™ shop 2 sp sáº½ tiáº¿p tá»¥c á»§ng há»™ ná»¯a
89	5	Giao hÃ ng nhanh. MÃ¡y ngiyÃªn seri, Ã¢m thanh tá»‘t. Vá» Ä‘á»™ nháº¡y cáº£m á»©ng hÆ¡i cháº­m. LÃºc mua nhanh khÃ´ng chÃº Ã½, ram hÆ¡i Ã­t. DÃ¹ng giáº£i trÃ­ tá»‘t. Mua 12/12 giÃ¡ má»m. Thanks shop.
89	5	MÃ¡y Ä‘áº¹p quÃ¡, ráº¥t sáº¯c sáº£o, giao hÃ ng nhanh chÃ³ng, táº­n tay, má»›i sá»­ dá»¥ng nÃªn chÆ°a Ä‘Ã¡nh giÃ¡ Ä‘Æ°á»£c vÃ¬ má»›i mua láº§n Ä‘áº§u 
89	5	Giao hÃ ng nhanh, Ä‘Ã³ng gÃ³i ká»¹ lÆ°á»¡ng, cÃ²n nguyÃªn seal, náº¿u ko cÃ³ seal thÃ¬ khÃ´ng kÃ½ nháº­n.
89	5	GiÃ¡ tá»‘t - mÃ¡y Ä‘áº¹p nguyÃªn seal . Ráº¥t hÃ i lÃ²ng . Okkkkkkkkkkkkkkk. Okmkkkkkkkkkkkkk
89	5	Giao hÃ ng nhanh. ÄÃ³ng gÃ³i cáº©n tháº­n. HÃ ng má»›i nguyÃªn seal, sá»­ dá»¥ng tá»‘t.
89	5	MÃ¡y dÃ¹ng ok Ä‘Ãºng hÃ ng chÃ­nh hÃ£ng nhÆ°ng bá»™ nhá»› 3g mÃ  má»›i nháº­n vá» kiá»ƒm tra thÃ¬ Ä‘Ã£ sá»­ dá»¥ng háº¿t 1.5g rá»“i 
90	5	Shop giao hÃ ng nhanh, gÃ³i hÃ ng siÃªu cáº©n tháº­n, mÃ¬nh Ä‘Ã£ mua 2 mÃ¡y á»Ÿ Ä‘Ã¢y rá»“i nÃªn yÃªn tÃ¢m, tin tÆ°á»Ÿng. Cáº£ mÃ¡y vÃ  á»‘p Ä‘á»u ráº¥t Ä‘áº¹p, dÃ y dáº·n cháº¯c cháº¯n, mÃ¡y sá»­ dá»¥ng mÆ°á»£t, pin khoáº», cÃ¡m Æ¡n shop ğŸ‘ğŸ»ğŸ‘ğŸ»ğŸ‘ğŸ»
90	5	Shop Ä‘Ã³ng gÃ³i cáº©n tháº­n vÃ  giao hÃ ng nhanh siÃªu tá»‘c ğŸ‘ğŸ» mÃ¡y Ä‘áº¹p, má»›i, sá»­ dá»¥ng ráº¥t mÆ°á»£t vÃ  tá»‘t ğŸ‘ğŸ»ğŸ‘ğŸ»ğŸ‘ğŸ»
90	5	MÃ¡y new cá»±c Ä‘áº¹p! . Shop lÃ m viá»‡c ráº¥t uy tÃ­n vÃ  cÃ³ tÃ¢m!. Váº«n tiáº¿p tá»¥c á»§ng há»™ shop 
90	5	MÃ¬nh Ä‘Ã£ sá»­ dá»¥ng mÃ¡y Ä‘Æ°á»£c 1 tuáº§n, Ä‘áº¿n giá» thÃ¬ mÃ¡y dÃ¹ng váº«n ráº¥t á»•n vÃ  khÃ´ng cÃ³ lá»—i gÃ¬, má»—i ngÃ y Ä‘á»c sÃ¡ch khoáº£ng 1,5h Ä‘áº¿n 2h thÃ¬ pin dÃ¹ng Ä‘Æ°á»£c 1 tuáº§n má»›i pháº£i sáº¡c..... nÃ³i chung lÃ  hÃ i lÃ²ng ğŸ˜ 
90	5	MÃ¡y Ä‘Æ°á»£c gá»­i ráº¥t nhanh, mÃ¬nh Ä‘áº·t ngÃ y 3 mÃ  ngÃ y 5 Ä‘Ã£ nháº­n Ä‘Æ°á»£c rá»“i dÃ¹ tá»« HÃ  Ná»™i vÃ o Há»“ ChÃ­ Minh, mÃ¬nh Ä‘áº·t mÃ¡y má»›i nÃªn khÃ´ng cÃ³ gÃ¬ Ä‘á»ƒ chÃª vá» ngoáº¡i hÃ¬nh mÃ¡y cáº£, mÃ¡y nháº¹, tiá»‡n lá»£i Ä‘á»ƒ mang theo bÃªn ngÆ°á»i, shop Ä‘Ã³ng gÃ³i vÃ  tÆ° váº¥n ráº¥t ká»¹, khÃ´ng uá»•ng cÃ´ng mÃ¬nh chá» mÃ¡y vá» háº¿t ná»­a thÃ¡ng.
90	5	MaÌy Ä‘oÌ£c khÃ´ng moÌ‰i mÄƒÌt, thÆ¡Ì€i lÆ°Æ¡Ì£ng pin phaÌ‰i noÌi laÌ€ khaÌ Æ°ng, maÌ€n hiÌ€nh vÆ°Ì€a to vÆ°Ì€a phaÌ‰i vaÌ€ tiÃªÌ£n lÆ¡Ì£i coÌ thÃªÌ‰ Ä‘oÌ£c moÌ£i luÌc vaÌ€ Ä‘ÄƒÌ£t biÃªÌ£t laÌ€ Ä‘Æ°Æ¡Ì£c taÌ‰i saÌch miÃªÌƒn phiÌ phuÌ€ hÆ¡Ì£p cho nhÆ°Ìƒng baÌ£n ham hoÌ£c hoÌ‰i thiÌ€ Ä‘Ã¢y laÌ€ maÌy kindle miÌ€nh thÃ¢Ìy Ä‘aÌng tiÃªÌ€n
91	5	NguyÃªn Ä‘ai nguyÃªn kiá»‡n, siÃªu thÃ­ch luÃ´n
91	5	MÃ¡y sd tá»‘t, chÆ°a cÃ³ váº¥n Ä‘á» gÃ¬ xáº£y ra
91	5	Sáº£n pháº©m tá»‘t, Ä‘Ã³ng gÃ³i cáº©n tháº­n, tiáº¿c lÃ  chÆ°a dÃ¹ng thá»­ nÃªn tháº¥y mÃ n hÃ¬nh nhá», thÃ´i dÃ¹ng vÃ i nÄƒm r lÃªn Ä‘á»i oasis ğŸ˜€
91	5	Sáº£n pháº©m Ä‘áº¹p y nhÆ° hÃ¬nh
91	5	HÃ ng Ä‘áº¹p, nguyÃªn zin luÃ´n. Ä‘Æ°á»£c táº·ng thÃªm bao da ná»¯a. Ráº¥t Ä‘Ã¡ng mua nhÃ©
91	5	Ngonnn láº¯m luÃ´n 
92	5	Shop ráº¥t nhiá»‡t tÃ¬nh, gá»­i láº§n Ä‘áº§u bÃ n phÃ­m ko dÃ¹ng Ä‘c. Gá»­i liá»n cho mÃ¬nh bÃ n phÃ­m má»›i ğŸ‘ğŸ‘ğŸ‘ . Lá»—i táº¥t nhiÃªn ko thá»ƒ ko cÃ³ nhÆ°ng nhiá»‡t tÃ¬nh kháº¯c phá»¥c lÃ  quÃ¡ tá»‘t. Like shop. Sáº½ mua cho vá»£ thÃªm 1 con Ä‘i lÃ m viá»‡c quÃ¡ tiá»‡n.. Tablet dÃ¹ng vá»›i bÃ n phÃ­m quÃ¡ ok, cÃ³ luÃ´n chuÃ´t tÃ­ch há»£p tiá»‡n cá»±c luÃ´n. 
92	5	Láº§n Ä‘áº§u shop gá»­i nháº§m mÃ¡y, nhÆ°ng support háº¿t mÃ¬nh gá»­i láº¡i hÃ ng. Nháº­n hÃ ng khÃ´ng cÃ²n gÃ¬ chÃª, nhÆ° full box, mÃ¡y nhÃ¬n siÃªu má»›i. 
92	5	TrÃªn má»©c tuyá»‡t vá»i áº¡. TÆ° váº¥n siÃªu siÃªu nhiá»‡t tÃ¬nh. MÃ¡y thÃ­ch láº¯m áº¡. Anh chá»§ giá»ng dá»… thÆ°Æ¡ng. Cáº£m Æ¡n shop. ..
92	5	Sáº£n pháº©m Ä‘áº¹p, shop tÆ° váº¥n nhiá»‡t tÃ¬nh 
92	5	Test thá»­ ok 
92	5	QuÃ¡ Æ°ng luÃ´n, á»§ng há»™ shop, uy tin trÃ¡ch nhiá»‡m
93	5	MÃ¡y hÃ¬nh thá»©c Ä‘áº¹p. Nhá» gá»n.. Hiá»‡u nÄƒng dÃ¹ng vÄƒn phÃ²ng khÃ¡ ok. MÃ¬nh lÃ m viá»‡c cáº§n má»Ÿ ráº¥t nhiá»u tab, trÃ¬nh duyá»‡t thÃ¬ mÃ¡y váº«n hoáº¡t Ä‘á»™ng ngon.. Cskh cá»§a shop cÅ©ng ráº¥t tá»‘t. MÃ¬nh há»i gÃ¬ cÅ©ng há»— trá»£. Ráº¥t nhiá»‡t tÃ¬nh
93	2	Sau vÃ i ngÃ y sá»­ dá»¥ng thÃ¬ mÃ¡y cÃ³ tiáº¿ng á»p áº¹p á»Ÿ cÃ¡c cáº¡nh (nghi Ä‘Ã£ thay mÃ n). Náº¯p Ä‘áº­y cao su bung á»Ÿ khe USB vÃ   tháº», sim do cao su á»Ÿ trong bá»‹ má»¥c. MÃ¡y sÃ i vÄƒn phÃ²ng á»•n nhÆ°ng hÆ¡i nÃ³ng. Äá»™ sÃ¡ng 50 thÃ¬ mÃ n hÃ¬nh cÃ¡c Ä‘Æ°á»ng cháº­p chá»n sÃ¡ng nhÆ° sÃ³ng biá»ƒn. Hi vá»ng Ä‘Æ°á»£c shop Ä‘á»•i cho mÃ¬nh sáº£n pháº©m khÃ¡c. Äá»ƒ táº¡m 2*
93	5	Shop phá»¥c vá»¥ ráº¥t nhiá»‡t tÃ¬nh, táº­n tÃ¢m, sáº£n pháº©m tá»‘t, xá»©ng Ä‘angs Ä‘á»“ng tiá»n bÃ¡t gáº¡o, 5sao ko nÃ³i nhiá»u, chÃºc Shop Ä‘áº¯t khÃ¡ch
93	5	MÃ¡y Ä‘áº¹p
93	5	Shop tÆ° váº¥n nhiá»‡t tÃ¬nh. MÃ¡y siÃªu ngon, cÃ²n má»›i láº¯m. Spen cá»§a Tab S4 cÅ©ng xá»‹n khá»i nÃ³i. Bá»c hÃ ng cáº©n tháº­n, pháº£i gáº§n 3m xá»‘p bá»c siÃªu cáº©n tháº­n. 5 sao váº«n cÃ²n Ã­t
93	5	Shop lÃ m viá»‡c uy tÃ­n, trÃ¡ch nhiá»‡m cao, nhiá»‡t tÃ¬nh.ğŸ‘ğŸ‘ğŸ‘
94	5	Ngon trong táº§m giÃ¡ khi cÃ³ Ä‘á»£t sale nha. ChÆ¡i máº¥y game nháº¹ nháº¹ vá»›i Ä‘á»c nÃ y ná» vá»›i coi youtube ok =))))
94	5	Tuy ko cÃ³ gg nhá»¯ng sáº£n pháº©m ráº¥t mÆ°á»£t 
94	1	Cháº¥t lÆ°Æ¡ng chÆ°a dÃ¹ng. Dá»‹ch vá»¥ ngÆ°á»i bÃ¡n kÃ©m. MÃ´ táº£ má»™t kiá»ƒu bÃ¡n má»™t kiá»ƒu. Fail! . Ngu má»™t láº§n máº¥t tiá»n oan khÃ´ng cÃ³ google vá»©t Ä‘i.
94	5	cháº¥t lÆ°á»£ng sáº£n pháº©m tuyá»‡t vá»i. hÃ ng y nhÆ° hÃ¬nh, cÃ²n Ä‘Æ°á»£c táº·ng thÃªm tÃºi váº£i
94	5	HÃ ng ngon trong táº§m giÃ¡, má»—i tá»™i khÃ´ng cÃ i Ä‘c youtube pháº£i xem qua trÃ¬nh duyá»‡t, cÃ¡c bÃ¡c cÃ¢n nháº¯c cÃ¡i nÃ y, ngÆ°á»i dÃ¹ng quen vÃ  biáº¿t dÃ¹ng thÃ¬ ok.
94	5	MÃ¡y cÃ³ pháº§n cá»©ng gáº§n nhÆ° lÃ  tá»‘t nháº¥t trong phÃ¢n khÃºc giÃ¡ ráº» chÃ­nh hÃ£ng! Äáº·t hÃ ng hÃ´m trÆ°á»›c hÃ´m sau nháº­n Ä‘Æ°á»£c.
95	5	Chá»§ shop tÆ° váº¥n ráº¥t nhiá»‡t tÃ¬nh dá»… thÆ°Æ¡ng. Bá»c ráº¥t cáº©n tháº­n. Cover xinh xáº¯n. NhÃ¬n má»›i láº¯m, máº¥y váº¿t xÆ°á»›c nhá», mÃ n hÃ¬nh cÃ³ xÆ°á»›c bÃ© tÃ­ á»Ÿ gÃ³c, k áº£nh hÆ°á»Ÿng gÃ¬ láº¯m. Pin lÃºc nháº­n 24%, vá»«a thá»­ lÆ°á»›t chÃºt tá»¥t xuá»‘ng 21%. Cháº¯c cáº§n test thÃªm áº¡. 
95	5	MÃ¬nh há»i shop dÄƒm ba báº£y lÆ°á»£t mÃ£i má»›i mua mÃ  shop váº«n nhiá»‡t tÃ¬nh tráº£ lá»i. MÃ¡y Ä‘áº¹p quÃ¡ nhÃ¬n cháº£ giá»‘ng dÃ¹ng r gÃ¬ cáº£, Ä‘áº¹p cáº£ á»‘p luÃ´n. Hiá»‡n táº¡i cáº£m tháº¥y bá» hÆ¡n 1 tr k phÃ­ táº¹o nÃ o
95	5	Shop ráº¥t nhiá»‡t tÃ¬nh, hÃ ng giao trong HÃ  Ná»™i cá»±c nhanh, kindle kÃ¨m cover Ä‘áº¹p mÃª ly. HÃ ng chá»‰ bá»‹ tráº§y chÃºt á»Ÿ máº·t lÆ°ng, khÃ´ng áº£nh hÆ°á»Ÿng tá»›i tráº£i nghiá»‡m Ä‘á»c. MÃ¬nh Ä‘Ã£ xÃ i gáº§n 2 tuáº§n r má»›i viáº¿t review nÃ y, Ä‘áº¿n giá» má»i thá»© Ä‘á»u tá»‘t. Tráº£i nghiá»‡m Ä‘á»c trÃªn kindle ráº¥t má»›i láº¡ so vá»›i sÃ¡ch giáº¥y, vÃ  cáº£ 2 Ä‘á»u thÃº vá»‹
95	5	5 sao khÃ´ng cÃ³ nÃ³i nhiá»u nhaaaaaaaaaaaaaaaaaaaaaaaaaaaaaaaaaaaaaaaaaaaaaaaaaa
95	5	Nháº­n e nÃ³ trong Ä‘Ãªm. Pháº£i mÃ² ngay cÃ¡ch sá»­ dá»¥ng. HÃ¬ há»¥i mÃ£i cop Ä‘c sÃ¡ch lÃ  dÃ´ oÃ¡nh giÃ¡ liá»n cho nÃ³ng. VÃ¬ ko nháº­p Ä‘c bao da nÃªn shop gá»i Ä‘iá»‡n trÆ°á»›c vÃ  tráº£ láº¡i 50k trong há»™p. LÃºc nháº­n Ä‘c há»™p lÃ  cÃ³ 50k kÃ¨m lun. Ko tháº­t vá»ng xá»©ng danh shop 5 sao trong táº¥t cáº£ cÃ¡c Ä‘Ã¡nh giÃ¡ 
95	5	Shop giao hÃ ng hÆ¡i cháº­m nhÆ°ng mÃ  bÃ¹ láº¡i mÃ¡y dÃ¹ng á»•n nha, pin Ä‘Æ°á»£c khÃ¡ lÃ  lÃ¢u, á»‘p táº·ng khÃ¡ xinh 
96	5	CÃ¡m Æ¡n shop thiá»‡t nhiá»u nhaaaaa em ráº¥t lÃ  Æ°ng Ã½ luÃ´n Ä‘Ã³ooooooooo >,<
96	5	MÃ¡y used nhÆ°ng ráº¥t Ä‘áº¹p, Ä‘Æ°á»£c táº·ng kÃ¨m bao da trÃ´ng khÃ¡ vintage ğŸ˜†.Shop cÃ³ gá»i Ä‘iá»‡n thÃ´ng bÃ¡o trÆ°á»›c vá» tÃ¬nh tráº¡ng cá»§a mÃ¡y, bÃ¡o mÃ¡y xÆ°á»›c nháº¹ nhÆ°ng nháº­n hÃ ng vá» mÃ¬nh khÃ´ng tháº¥y tráº§y xÆ°á»›c luÃ´n, cháº¯c pháº£i soi kÄ© láº¯m má»›i tháº¥y. Má»›i test thá»­ tháº¥y ok, hi vá»ng mÃ¡y sáº½ á»•n.
96	5	Shop phá»¥c vá»¥ tá»‘t, giao hÃ ng nhanh, mÃ¡y má»›t test thá»­ tá»‘t, ngoáº¡i hÃ¬nh new95% xÆ°á»›c xÃ¡c ráº¥y Ã­t.
96	5	Sáº£n pháº©m dÃ¹ng okela. Tá»± dÆ°ng duyÃªn sá»‘ Ä‘á»‹nh má»‡nh tháº¿ nÃ o láº¡i Ä‘c cÃ¡i bao da xanh há»£p vá»›i cÃ¡i tÃºi mÃ¬nh Ä‘ang dÃ¹ng dÃ£ cáº£ man 
96	5	MaÌy Ä‘eÌ£p nhÆ° mÆ¡Ìi, giao haÌ€ng Ä‘Ã¢Ì€y Ä‘uÌ‰. Shop tÆ° vÃ¢Ìn sÆ°Ì‰ duÌ£ng rÃ¢Ìt nhiÃªÌ£t tiÌ€nh. VÃªÌ€ chÃ¢Ìt lÆ°Æ¡Ì£ng maÌy thiÌ€ phaÌ‰i duÌ€ng mÃ´Ì£t thÆ¡Ì€i gian mÆ¡Ìi biÃªÌt nhÆ°ng Ä‘aÌ£i khaÌi laÌ€ Ã´Ì‰n, Ä‘aÌng tiÃªÌ€n ğŸ˜…
96	5	MÃ¡y Ä‘áº¹p, shop thÃ¬ nhiá»‡t tÃ¬nh áº¡. K biáº¿t cÃ¡i j há»i lÃ  shop chá»‰ báº£o táº­n tÃ¬nhâ€”> bÃ¡n hÃ ng cÃ³ trÃ¡ch nhiá»‡m áº¡. 
97	5	HÃ ng tá»‘t láº¯m.  Ai muá»‘n xem Ä‘Ã¡nh giÃ¡ chi tiáº¿t cá»§a mÃ¬nh thÃ¬ lÃªn YouTube tÃ¬m kÃªnh KOATAR Ä‘á»ƒ xem nha. . Hoáº·c gÃµ link : . https://youtu.be/EQdsbfsex4E
97	5	Chxhhhhchcchchchhchchxxuxchcyxkxhxggxkxgkgxxcckgxgxhxhxhchxxmhxmhx
97	5	Má»›i tinh luÃ´n nhÃ© mng. 99% mÃ  má»›i nhÆ° 100% lun Ã¡. GÃ³i hÃ ng cháº¯c cháº¯n. Hy vá»ng xÃ i bá»n. 
97	5	Sáº£n pháº©n ráº¥t cháº¥t lÆ°á»£ng nha â™¥ï¸
97	5	Ráº¥t ok. Shop tl nhiá»‡t tÃ¬nh. 
97	5	MÃ¡y Ä‘áº¹p, Ä‘Ãºng 99% nhÆ° shop Ä‘Ã£ nÃ³i, ko biáº¿t pai c chá»§ hay lÃ  nv tÆ° váº¥n mÃ  ráº¥t cÃ³ tÃ¢m,táº¥t cáº£ ok mong mÃ¡y sá»­ dá»¥ng dc tá»‘t, lÃ¢u dÃ i, vÃ¬ mÃ¬nh Ä‘Ã£ bÃ³c cÃ¡i tem cá»§a shop Ä‘i rá»“i do tháº¥y dÃ¡n lá»‡ch xáº¥u QuÃ¡.mÃ¬nh gá»­i shop 5* mn nÃªn mua nhÃ© !
98	5	HÃ ng chÃ­nh hÃ£ng samsung, android 9, pin khÃ¡ trÃ¢u bÃ² Ä‘á»§ dÃ¹ng cÃ¡c nhu cáº§u cÆ¡ báº£n, mÃ¡y láº¯p sim lÃªn máº¡ng 4g khÃ´ng cÃ³ nghe gá»i Ä‘iá»‡n thoáº¡i, Zalo face thÃ¬ váº«n video call tá»‘t Ä‘Ãºng táº§m mÃ¡y tÃ­nh báº£ng quá»‘c dÃ¢n, mua 2 mÃ¡y cá»§a shop Ä‘á»u á»•n
98	5	Cáº£m giÃ¡c mÃ¡y hÆ¡i Ä‘Æ¡ 1 chÃºt, hÆ¡i cháº­m, cÃ²n láº¡i Ä‘á»u á»•n
98	5	MÃ¡y Ä‘áº¹p nhÆ° má»›i, sÃ³ng Full khá»e lÃªn máº¡ng 4g tá»‘t. DÃ¹ng thá»­ tháº¥y pin ráº¥t trÃ¢u, cÃ³ láº½ do date má»›i pin cÃ²n quÃ¡ á»•n, mÃ¡y cháº¡y android 9. Láº§n sau cÃ³ dá»‹p sáº½ láº¡i á»§ng há»™ mua hÃ ng cá»§a shop tiáº¿p
98	5	5 sao cho  cháº¥t lÆ°á»£ng, hÃ i lÃ²ng
98	5	Pin quÃ¡ trÃ¢u luÃ´n
98	5	á»”n, khÃ´ng váº¥n Ä‘á»
99	5	MÃ¡y Ä‘áº¹p. Shop cÅ©ng nhiá»‡t tÃ¬nh. DÃ¹ng cho con chÆ¡i lÃ  phÃ¹ há»£p nhÃ© mn. Mong SD Ä‘k lÃ¢u dÃ i 
99	5	má»›i Ä‘áº§u cÃ²n hoÃ i nghi ko dÃ¡m láº¥y. má»Ÿ gÃ³i hÃ ng ra thÃ¬ tuyá»‡t vá»i má»›i leng keng. bÃ³ng lÆ°á»¡ng
99	5	MÃ¡y Ä‘áº¹p chÆ°a sá»­ dá»¥ng nÃªn chÆ°a Ä‘Ã¡nh giÃ¡.
99	5	Khi mua thÃ¬ shop nÃ³i cho kiá»ƒm hÃ ng test hÃ ng thoáº£i mÃ¡i . NhÆ°ng khi giao thÃ¬ shop k ghi cho kiá»ƒm hÃ ng nÃªn shipper k cho kiá»ƒm .Ä‘á»‹nh k láº¥y vÃ¬ k biáº¿t bÃªn trong cÃ³ gÃ¬ ,nhÆ°ng vÃ¬ tin tÆ°á»Ÿng shop nÃªn mÃ¬nh váº«n nháº­n . MÃ¡y má»›i mÃ£ Ä‘áº¹p ,hiá»‡n táº¡i thÃ¬ ok cÃ²n dÃ¹ng lÃ¢u má»›i biáº¿t dc
99	5	DÃ¹ng táº¡m ok. Shop nhiá»‡t tÃ¬nh giáº£i Ä‘Ã¡p. Thanks"
99	5	Higgh
