name	category	n_sold	price	shop_address	image_url	url
ƒêi·ªán tho·∫°i Xiaomi Redmi Note 9S 4GB/64GB - H√†ng ch√≠nh h√£ng - B·∫£o h√†nh ƒëi·ªán t·ª≠ 18 th√°ng	DIENTHOAI	5600.0	5490000.0	TP. H·ªì Ch√≠ Minh	https://cf.shopee.vn/file/b982abe468e4813d2ba01beda0118332_tn	https://shopee.vn/%C4%90i%E1%BB%87n-tho%E1%BA%A1i-Xiaomi-Redmi-Note-9S-4GB-64GB-H%C3%A0ng-ch%C3%ADnh-h%C3%A3ng-B%E1%BA%A3o-h%C3%A0nh-%C4%91i%E1%BB%87n-t%E1%BB%AD-18-th%C3%A1ng-i.191065034.7222950883
ƒêi·ªán tho·∫°i OPPO A37 Fullbox M·ªõi - 2GB/16GB - B·∫£o h√†nh 12 th√°ng -	DIENTHOAI	7800.0	1299000.0	TP. H·ªì Ch√≠ Minh	https://cf.shopee.vn/file/654146756efe4b5fe7cf516a2221b153_tn	https://shopee.vn/%C4%90i%E1%BB%87n-tho%E1%BA%A1i-OPPO-A37-Fullbox-M%E1%BB%9Bi-2GB-16GB-B%E1%BA%A3o-h%C3%A0nh-12-th%C3%A1ng--i.48782032.6841251055
ƒëi·ªán tho·∫°i Samsung Galaxy S7 ch√≠nh h√£ng / full ch·ª©c nƒÉng	DIENTHOAI	6600.0	1899000.0	TP. H·ªì Ch√≠ Minh	https://cf.shopee.vn/file/622be579c39efa0ea92b8659aebfb90a_tn	https://shopee.vn/%C4%91i%E1%BB%87n-tho%E1%BA%A1i-Samsung-Galaxy-S7-ch%C3%ADnh-h%C3%A3ng-full-ch%E1%BB%A9c-n%C4%83ng-i.48782032.7241163781
ƒêi·ªán tho·∫°i Nokia 1280 Huy·ªÅn tho·∫°i ch√≠nh h√£ng k√®m pin s·∫°c	DIENTHOAI	4100.0	189900.0	TP. H·ªì Ch√≠ Minh	https://cf.shopee.vn/file/c92a82f0a1e8076fcc1e650bbdfc5744_tn	https://shopee.vn/%C4%90i%E1%BB%87n-tho%E1%BA%A1i-Nokia-1280-Huy%E1%BB%81n-tho%E1%BA%A1i-ch%C3%ADnh-h%C3%A3ng-k%C3%A8m-pin-s%E1%BA%A1c-i.48810739.7862409857
ƒêi·ªán tho·∫°i Nokia 1280 Nguy√™n zin M·ªõi tinh ch√≠nh h√£ng	DIENTHOAI	8800.0	189900.0	TP. H·ªì Ch√≠ Minh	https://cf.shopee.vn/file/c92a82f0a1e8076fcc1e650bbdfc5744_tn	https://shopee.vn/%C4%90i%E1%BB%87n-tho%E1%BA%A1i-Nokia-1280-Nguy%C3%AAn-zin-M%E1%BB%9Bi-tinh-ch%C3%ADnh-h%C3%A3ng-i.48810739.3262574550
ƒêi·ªán tho·∫°i Nokia 1280 ch√≠nh h√£ng nguy√™n zin Nghe g·ªçi to	DIENTHOAI	3300.0	45000.0	TP. H·ªì Ch√≠ Minh	https://cf.shopee.vn/file/fad3b49e62e5f4aa75433650ad6f2225_tn	https://shopee.vn/%C4%90i%E1%BB%87n-tho%E1%BA%A1i-Nokia-1280-ch%C3%ADnh-h%C3%A3ng-nguy%C3%AAn-zin-Nghe-g%E1%BB%8Di-to-i.48810739.3462650578
ƒêi·ªán tho·∫°i Nokia 1280 Huy·ªÅn tho·∫°i ch√≠nh h√£ng k√®m pin s·∫°c	DIENTHOAI	5900.0	189000.0	TP. H·ªì Ch√≠ Minh	https://cf.shopee.vn/file/3c7b384669890effd8641308c49247c6_tn	https://shopee.vn/%C4%90i%E1%BB%87n-tho%E1%BA%A1i-Nokia-1280-Huy%E1%BB%81n-tho%E1%BA%A1i-ch%C3%ADnh-h%C3%A3ng-k%C3%A8m-pin-s%E1%BA%A1c-i.48810739.5262414325
ƒêi·ªán Tho·∫°i Nokia 6300 Si√™u B·ªÅn _ ƒê·ªß M√†u _ Ch√≠nh h√£ng Nh·∫≠p Kh·∫©u	DIENTHOAI	7000.0	290000.0	TP. H·ªì Ch√≠ Minh	https://cf.shopee.vn/file/ed8c6f3543e459c5d22e168c973dfd93_tn	https://shopee.vn/%C4%90i%E1%BB%87n-Tho%E1%BA%A1i-Nokia-6300-Si%C3%AAu-B%E1%BB%81n-_-%C4%90%E1%BB%A7-M%C3%A0u-_-Ch%C3%ADnh-h%C3%A3ng-Nh%E1%BA%ADp-Kh%E1%BA%A9u-i.48782032.5336036961
ƒêI·ªÜN THO·∫†I NOKIA 1202 M·ªöI TINH FULL S·∫†C PIN CH√çNH H√ÉNG	DIENTHOAI	6100.0	175000.0	TP. H·ªì Ch√≠ Minh	https://cf.shopee.vn/file/b36a13ed46c0e3feab04d679172f4dc3_tn	https://shopee.vn/%C4%90I%E1%BB%86N-THO%E1%BA%A0I-NOKIA-1202-M%E1%BB%9AI-TINH-FULL-S%E1%BA%A0C-PIN-CH%C3%8DNH-H%C3%83NG-i.48782032.7336249051
ƒëi·ªán tho·∫°i Samsung Galaxy S7 Edge 2 sim ram 4G b·ªô nh·ªõ 32G m·ªõi, ch∆°i game n·∫∑ng m∆∞·ª£t	DIENTHOAI	5400.0	2799000.0	TP. H·ªì Ch√≠ Minh	https://cf.shopee.vn/file/deb114c783e8feb58d6ce20edbe45c33_tn	https://shopee.vn/%C4%91i%E1%BB%87n-tho%E1%BA%A1i-Samsung-Galaxy-S7-Edge-2-sim-ram-4G-b%E1%BB%99-nh%E1%BB%9B-32G-m%E1%BB%9Bi-ch%C6%A1i-game-n%E1%BA%B7ng-m%C6%B0%E1%BB%A3t-i.309997682.5452761561
ƒëi·ªán tho·∫°i nokia 110i nghe g·ªçi to r√µ k√®m pin s·∫°c ch√≠nh h√£ng	DIENTHOAI	8300.0	145000.0	TP. H·ªì Ch√≠ Minh	https://cf.shopee.vn/file/5d9c39008ddefa889d9d95fc9444c325_tn	https://shopee.vn/%C4%91i%E1%BB%87n-tho%E1%BA%A1i-nokia-110i-nghe-g%E1%BB%8Di-to-r%C3%B5-k%C3%A8m-pin-s%E1%BA%A1c-ch%C3%ADnh-h%C3%A3ng-i.48810739.6762410547
ƒêI·ªÜN THO·∫†I SAMSUNG GALAXY S6 FULLBOX NGUY√äN ZIN CHIÃÅNH HAÃÉNG 100%//SHIP N√îÃ£I THAÃÄNH	DIENTHOAI	3900.0	1818000.0	TP. H·ªì Ch√≠ Minh	https://cf.shopee.vn/file/857d6f4e26fea789144608539340987b_tn	https://shopee.vn/%C4%90I%E1%BB%86N-THO%E1%BA%A0I-SAMSUNG-GALAXY-S6-FULLBOX-NGUY%C3%8AN-ZIN-CHI%CC%81NH-HA%CC%83NG-100-SHIP-N%C3%94%CC%A3I-THA%CC%80NH-i.48782032.786717083
ƒêi·ªán tho·∫°i Nokia 6300 ƒë·∫ßy ƒë·ªß pin s·∫°c m√†u b·∫°c	DIENTHOAI	2700.0	289900.0	TP. H·ªì Ch√≠ Minh	https://cf.shopee.vn/file/f4c349571ea8639ed2ddce4e1a35233c_tn	https://shopee.vn/%C4%90i%E1%BB%87n-tho%E1%BA%A1i-Nokia-6300-%C4%91%E1%BA%A7y-%C4%91%E1%BB%A7-pin-s%E1%BA%A1c-m%C3%A0u-b%E1%BA%A1c-i.39413762.5162298482
ƒêi·ªán tho·∫°i Samsung Galaxy A10s (32GB/2GB) - H√£ng ph√¢n ph·ªëi ch√≠nh th·ª©c	DIENTHOAI	14800.0	2690000.0	TP. H·ªì Ch√≠ Minh	https://cf.shopee.vn/file/7ea7ceb4dfdce335a34372279e401917_tn	https://shopee.vn/%C4%90i%E1%BB%87n-tho%E1%BA%A1i-Samsung-Galaxy-A10s-(32GB-2GB)-H%C3%A3ng-ph%C3%A2n-ph%E1%BB%91i-ch%C3%ADnh-th%E1%BB%A9c-i.65589552.2693593903
ƒêi·ªán Tho·∫°i Si√™u D·ªÖ Th∆∞∆°ng Mini BM10	DIENTHOAI	6000.0	169000.0	TP. H·ªì Ch√≠ Minh	https://cf.shopee.vn/file/22ac0bf9b42272b917013f1ddb749646_tn	https://shopee.vn/%C4%90i%E1%BB%87n-Tho%E1%BA%A1i-Si%C3%AAu-D%E1%BB%85-Th%C6%B0%C6%A1ng-Mini-BM10-i.70094786.6602136609
ƒëi·ªán tho·∫°i Samsung galaxy s7 1 sim Nhi·ªÅu m√†u.... gi√° c·∫£ h·ª£p l√Ω	DIENTHOAI	3700.0	1850000.0	TP. H·ªì Ch√≠ Minh	https://cf.shopee.vn/file/d5d3b342d3f03a5dfc8e7abd38671d90_tn	https://shopee.vn/%C4%91i%E1%BB%87n-tho%E1%BA%A1i-Samsung-galaxy-s7-1-sim-Nhi%E1%BB%81u-m%C3%A0u....-gi%C3%A1-c%E1%BA%A3-h%E1%BB%A3p-l%C3%BD-i.325866827.7058523196
ƒêi·ªán Tho·∫°i OPPO A12 (3GB/32GB) - H√†ng Ch√≠nh H√£ng	DIENTHOAI	4500.0	2990000.0	TP. H·ªì Ch√≠ Minh	https://cf.shopee.vn/file/596e3c4a1776231b9c7e734be755f721_tn	https://shopee.vn/%C4%90i%E1%BB%87n-Tho%E1%BA%A1i-OPPO-A12-(3GB-32GB)-H%C3%A0ng-Ch%C3%ADnh-H%C3%A3ng-i.25452983.3431975072
ƒêi·ªán Tho·∫°i Mini Nokia 2 Sim Cute	DIENTHOAI	5900.0	35000.0	L·∫°ng S∆°n	https://cf.shopee.vn/file/fe3b795f597c482ae221789fe2141537_tn	https://shopee.vn/%C4%90i%E1%BB%87n-Tho%E1%BA%A1i-Mini-Nokia-2-Sim-Cute-i.130503882.2144758053
ƒëi·ªán tho·∫°i CH√çNH H√ÉNG Oppo F9 ram 6G B·ªô nh·ªõ 64G M·ªöI, ch∆°i LI√äN QU√ÇN-PUBG-FREE FIRE ngon l√†nh	DIENTHOAI	3000.0	2550000.0	TP. H·ªì Ch√≠ Minh	https://cf.shopee.vn/file/fce1bc6bc0842701344fa51996094813_tn	https://shopee.vn/%C4%91i%E1%BB%87n-tho%E1%BA%A1i-CH%C3%8DNH-H%C3%83NG-Oppo-F9-ram-6G-B%E1%BB%99-nh%E1%BB%9B-64G-M%E1%BB%9AI-ch%C6%A1i-LI%C3%8AN-QU%C3%82N-PUBG-FREE-FIRE-ngon-l%C3%A0nh-i.48782032.5341262131
ƒêi·ªán tho·∫°i Nokia 1202 m·ªõi, gi√° t·ªët bao x√†i	DIENTHOAI	2900.0	179000.0	TP. H·ªì Ch√≠ Minh	https://cf.shopee.vn/file/c4a5a062fc2b8b73ae6458be70fab645_tn	https://shopee.vn/%C4%90i%E1%BB%87n-tho%E1%BA%A1i-Nokia-1202-m%E1%BB%9Bi-gi%C3%A1-t%E1%BB%91t-bao-x%C3%A0i-i.39413762.3262460667
ƒêi·ªán Tho·∫°i Nokia 6300 Ch√≠nh H√£ng B·∫£o H√†nh 12 Th√°ng C√≥ ƒê√®n B√°o Cu·ªôc G·ªçi Nh·ª° imeil Chu·∫©n Tr√πng	DIENTHOAI	5400.0	285000.0	TP. H·ªì Ch√≠ Minh	https://cf.shopee.vn/file/bd3197715a7a4bd06d3b637b371ad8b3_tn	https://shopee.vn/%C4%90i%E1%BB%87n-Tho%E1%BA%A1i-Nokia-6300-Ch%C3%ADnh-H%C3%A3ng-B%E1%BA%A3o-H%C3%A0nh-12-Th%C3%A1ng-C%C3%B3-%C4%90%C3%A8n-B%C3%A1o-Cu%E1%BB%99c-G%E1%BB%8Di-Nh%E1%BB%A1-imeil-Chu%E1%BA%A9n-Tr%C3%B9ng-i.70094786.1220835572
ƒêi·ªán tho·∫°i Si√™u Nh·ªè B3310 02 sim 02 s√≥ng g·∫Øn ƒë∆∞·ª£c th·∫ª nh·ªõ	DIENTHOAI	3700.0	52000.0	TP. H·ªì Ch√≠ Minh	https://cf.shopee.vn/file/9d57d34f67f6e43bf00951a7fe004410_tn	https://shopee.vn/%C4%90i%E1%BB%87n-tho%E1%BA%A1i-Si%C3%AAu-Nh%E1%BB%8F-B3310-02-sim-02-s%C3%B3ng-g%E1%BA%AFn-%C4%91%C6%B0%E1%BB%A3c-th%E1%BA%BB-nh%E1%BB%9B-i.83813714.2128956919
ƒêi·ªán tho·∫°i iPhone 8 Plus Qu·ªëc t·∫ø 64GB M·ªõi 99% B·∫£o H√†nh 12 Th√°ng	DIENTHOAI	6500.0	5690000.0	H√† N·ªôi	https://cf.shopee.vn/file/086f9f27c99412d2823c43dd71b3319b_tn	https://shopee.vn/%C4%90i%E1%BB%87n-tho%E1%BA%A1i-iPhone-8-Plus-Qu%E1%BB%91c-t%E1%BA%BF-64GB-M%E1%BB%9Bi-99-B%E1%BA%A3o-H%C3%A0nh-12-Th%C3%A1ng-i.260358378.5433245341
ƒêi·ªán tho·∫°i Samsung Galaxy A20s (32GB/3GB) - H√£ng ph√¢n ph·ªëi ch√≠nh th·ª©c	DIENTHOAI	15400.0	3290000.0	TP. H·ªì Ch√≠ Minh	https://cf.shopee.vn/file/1af8e8ef899cc0987c650e4e10cbe4a0_tn	https://shopee.vn/%C4%90i%E1%BB%87n-tho%E1%BA%A1i-Samsung-Galaxy-A20s-(32GB-3GB)-H%C3%A3ng-ph%C3%A2n-ph%E1%BB%91i-ch%C3%ADnh-th%E1%BB%A9c-i.65589552.3111978493
ƒêi·ªán Tho·∫°i NOKIA 6300 6300i Main Zin Ch√≠nh H√£ng ƒê·ªß M√†u - OHNO BH 24 Th√°ng C√≥ Pin & S·∫°c	DIENTHOAI	5900.0	499000.0	TP. H·ªì Ch√≠ Minh	https://cf.shopee.vn/file/af2e8fbdc8d6ca1b641c742bd5a9951e_tn	https://shopee.vn/%C4%90i%E1%BB%87n-Tho%E1%BA%A1i-NOKIA-6300-6300i-Main-Zin-Ch%C3%ADnh-H%C3%A3ng-%C4%90%E1%BB%A7-M%C3%A0u-OHNO-BH-24-Th%C3%A1ng-C%C3%B3-Pin-S%E1%BA%A1c-i.145260315.6946226856
ƒêi·ªán Tho·∫°i Nokia 101,Nokia 100 Zin Ch√≠nh H√£ng ƒê·ªß Pin S·∫°c	DIENTHOAI	3300.0	135000.0	H√† N·ªôi	https://cf.shopee.vn/file/3a7fe3513b59468fc5d386cc9700ab1b_tn	https://shopee.vn/%C4%90i%E1%BB%87n-Tho%E1%BA%A1i-Nokia-101-Nokia-100-Zin-Ch%C3%ADnh-H%C3%A3ng-%C4%90%E1%BB%A7-Pin-S%E1%BA%A1c-i.1657913.1236186398
ƒêi·ªán tho·∫°i Vivo Y30i 4Gb + 64Gb - H√†ng ch√≠nh h√£ng	DIENTHOAI	2500.0	2850000.0	TP. H·ªì Ch√≠ Minh	https://cf.shopee.vn/file/71f0fe93ecf9903094e006ae8f81f25f_tn	https://shopee.vn/%C4%90i%E1%BB%87n-tho%E1%BA%A1i-Vivo-Y30i-4Gb-64Gb-H%C3%A0ng-ch%C3%ADnh-h%C3%A3ng-i.69897724.3355289986
ƒêi·ªán tho·∫°i si√™u nh·ªè 2 sim l·∫Øp ƒë∆∞·ª£c th·∫ª nh·ªõ	DIENTHOAI	2200.0	158000.0	Qu·∫£ng Ninh	https://cf.shopee.vn/file/536b54e26ab7ef241be2395ec2eeb0aa_tn	https://shopee.vn/%C4%90i%E1%BB%87n-tho%E1%BA%A1i-si%C3%AAu-nh%E1%BB%8F-2-sim-l%E1%BA%AFp-%C4%91%C6%B0%E1%BB%A3c-th%E1%BA%BB-nh%E1%BB%9B-i.50817933.1204021441
ƒêi·ªán Tho·∫°i Nokia 1280 Si√™u M·ªõi ƒê·∫πp. D√πng r·∫•t b·ªÅn	DIENTHOAI	1900.0	185000.0	TP. H·ªì Ch√≠ Minh	https://cf.shopee.vn/file/81082365cf9e153a866866292256b0a1_tn	https://shopee.vn/%C4%90i%E1%BB%87n-Tho%E1%BA%A1i-Nokia-1280-Si%C3%AAu-M%E1%BB%9Bi-%C4%90%E1%BA%B9p.-D%C3%B9ng-r%E1%BA%A5t-b%E1%BB%81n-i.39413762.7162303223
ƒêi·ªán tho·∫°i iPhone 7 Plus Qu·ªëc t·∫ø 128GB M·ªõi 99% B·∫£o H√†nh 12 Th√°ng	DIENTHOAI	5700.0	5990000.0	H√† N·ªôi	https://cf.shopee.vn/file/1946bd089dc0f94d637d529c3d6e8df9_tn	https://shopee.vn/%C4%90i%E1%BB%87n-tho%E1%BA%A1i-iPhone-7-Plus-Qu%E1%BB%91c-t%E1%BA%BF-128GB-M%E1%BB%9Bi-99-B%E1%BA%A3o-H%C3%A0nh-12-Th%C3%A1ng-i.260358378.4733245629
ƒêi·ªán Tho·∫°i Samsung Galaxy A01 Core (2GB/32GB) - H√†ng Ch√≠nh H√£ng	DIENTHOAI	1400.0	1890000.0	TP. H·ªì Ch√≠ Minh	https://cf.shopee.vn/file/d1711b72032e78f36eb3665473427983_tn	https://shopee.vn/%C4%90i%E1%BB%87n-Tho%E1%BA%A1i-Samsung-Galaxy-A01-Core-(2GB-32GB)-H%C3%A0ng-Ch%C3%ADnh-H%C3%A3ng-i.65589552.4460537443
ƒêi·ªán tho·∫°i Mini-Nokia 3310 2 sim 2 s√≥ng, Mini si√™u nh·ªè,Bh 12 th√°ng 1 ƒë·ªïi 1	DIENTHOAI	1800.0	169000.0	Nam ƒê·ªãnh	https://cf.shopee.vn/file/919b8e20b2f1625c401b786e520d11f7_tn	https://shopee.vn/%C4%90i%E1%BB%87n-tho%E1%BA%A1i-Mini-Nokia-3310-2-sim-2-s%C3%B3ng-Mini-si%C3%AAu-nh%E1%BB%8F-Bh-12-th%C3%A1ng-1-%C4%91%E1%BB%95i-1-i.86608834.2106797077
ƒêi·ªán Tho·∫°i Vsmart Active 3 6GB/64GB - H√†ng Ch√≠nh H√£ng	DIENTHOAI	586.0	3129000.0	B·∫øn Tre	https://cf.shopee.vn/file/d1ec2776b1cf182be50c03c20e4b4f4c_tn	https://shopee.vn/%C4%90i%E1%BB%87n-Tho%E1%BA%A1i-Vsmart-Active-3-6GB-64GB-H%C3%A0ng-Ch%C3%ADnh-H%C3%A3ng-i.193124085.4717365643
ƒëi·ªán tho·∫°i Samsung Galaxy S8 64G 2sim CH√çNH H√ÉNG m·ªõi (ƒê·ªß m√†u)	DIENTHOAI	5100.0	2990000.0	TP. H·ªì Ch√≠ Minh	https://cf.shopee.vn/file/0b480cba3b21195d1f0d555a7793d5cb_tn	https://shopee.vn/%C4%91i%E1%BB%87n-tho%E1%BA%A1i-Samsung-Galaxy-S8-64G-2sim-CH%C3%8DNH-H%C3%83NG-m%E1%BB%9Bi-(%C4%90%E1%BB%A7-m%C3%A0u)-i.325866827.5758546122
ƒêi·ªán Tho·∫°i Vsmart Bee 3 2GB/16GB - H√†ng Ch√≠nh H√£ng	DIENTHOAI	896.0	1369000.0	B·∫øn Tre	https://cf.shopee.vn/file/ba601dbe9b971f90f39ebcc32fa83824_tn	https://shopee.vn/%C4%90i%E1%BB%87n-Tho%E1%BA%A1i-Vsmart-Bee-3-2GB-16GB-H%C3%A0ng-Ch%C3%ADnh-H%C3%A3ng-i.193124085.6317023710
ƒëi·ªán tho·∫°i Oppo F9 2sim 64G m·ªõi Fullbox	DIENTHOAI	2800.0	2549000.0	TP. H·ªì Ch√≠ Minh	https://cf.shopee.vn/file/f174c3971fa16fa4eed2524fb195b1d1_tn	https://shopee.vn/%C4%91i%E1%BB%87n-tho%E1%BA%A1i-Oppo-F9-2sim-64G-m%E1%BB%9Bi-Fullbox-i.52785791.7646235443
ƒêi·ªán tho·∫°i iPhone 7 Plus Qu·ªëc t·∫ø 128GB M·ªõi 99% B·∫£o H√†nh 12 Th√°ng	DIENTHOAI	2900.0	4490000.0	H√† N·ªôi	https://cf.shopee.vn/file/5b3334dcc462342227fb7cc58b3d23ae_tn	https://shopee.vn/%C4%90i%E1%BB%87n-tho%E1%BA%A1i-iPhone-7-Plus-Qu%E1%BB%91c-t%E1%BA%BF-128GB-M%E1%BB%9Bi-99-B%E1%BA%A3o-H%C3%A0nh-12-Th%C3%A1ng-i.182375752.2894358165
ƒêi·ªán Tho·∫°i Samsung Galaxy M21 (64GB/4GB) - H√†ng Ch√≠nh H√£ng	DIENTHOAI	1400.0	3990000.0	TP. H·ªì Ch√≠ Minh	https://cf.shopee.vn/file/d97a820f52072afa3442fef6baaf805f_tn	https://shopee.vn/%C4%90i%E1%BB%87n-Tho%E1%BA%A1i-Samsung-Galaxy-M21-(64GB-4GB)-H%C3%A0ng-Ch%C3%ADnh-H%C3%A3ng-i.65589552.4737194401
ƒêi·ªán tho·∫°i Vsmart Joy4 (3GB+64GB) - H√†ng ch√≠nh h√£ng	DIENTHOAI	611.0	2990000.0	TP. H·ªì Ch√≠ Minh	https://cf.shopee.vn/file/1043502ee6db0cf3e9731eb862e8c187_tn	https://shopee.vn/%C4%90i%E1%BB%87n-tho%E1%BA%A1i-Vsmart-Joy4-(3GB-64GB)-H%C3%A0ng-ch%C3%ADnh-h%C3%A3ng-i.125786401.5555187890
Anten wiffi iphone 6, 6s	DIENTHOAI	36.0	15000.0	TP. H·ªì Ch√≠ Minh	https://cf.shopee.vn/file/941e114bd20d529e04e02f341bb02a4f_tn	https://shopee.vn/Anten-wiffi-iphone-6-6s-i.39811414.1420095651
ƒêi·ªán tho·∫°i Mini nh·ªè g·ªçn 2 sim k·∫øt n·ªëi blutus	DIENTHOAI	1400.0	59000.0	TP. H·ªì Ch√≠ Minh	https://cf.shopee.vn/file/5cf3bba4f81448f4215caa250b88bc6b_tn	https://shopee.vn/%C4%90i%E1%BB%87n-tho%E1%BA%A1i-Mini-nh%E1%BB%8F-g%E1%BB%8Dn-2-sim-k%E1%BA%BFt-n%E1%BB%91i-blutus-i.95642495.1950625875
ƒêi·ªán Tho·∫°i Nokia 6300 ƒê·ªß M√†u Ki·ªÉu D√°ng Nh·ªè G·ªçn Ti·ªán L·ª£i	DIENTHOAI	2900.0	320000.0	TP. H·ªì Ch√≠ Minh	https://cf.shopee.vn/file/adbec1195e5bf415ad5385ca7a61f9c1_tn	https://shopee.vn/%C4%90i%E1%BB%87n-Tho%E1%BA%A1i-Nokia-6300-%C4%90%E1%BB%A7-M%C3%A0u-Ki%E1%BB%83u-D%C3%A1ng-Nh%E1%BB%8F-G%E1%BB%8Dn-Ti%E1%BB%87n-L%E1%BB%A3i-i.39413762.3362593622
[H√ÄNG CH√çNH H√ÉNG] ƒêI·ªÜN THO·∫†I Nokia 1280 k√®m pin s·∫°c c√≥ b·∫£o h√†nh 6 TH√ÅNG	DIENTHOAI	282.0	239000.0	H√† N·ªôi	https://cf.shopee.vn/file/1475cf4a9c86a9ab0b838c652dfc2236_tn	https://shopee.vn/-H%C3%80NG-CH%C3%8DNH-H%C3%83NG-%C4%90I%E1%BB%86N-THO%E1%BA%A0I-Nokia-1280-k%C3%A8m-pin-s%E1%BA%A1c-c%C3%B3-b%E1%BA%A3o-h%C3%A0nh-6-TH%C3%81NG-i.158663650.7334679670
Nokia 110i ƒêi·ªán Tho·∫°i Nokia 110i M·ªõi T·ªët	DIENTHOAI	1400.0	155000.0	TP. H·ªì Ch√≠ Minh	https://cf.shopee.vn/file/31f0cc085f0d3257fa9b9172258961c7_tn	https://shopee.vn/Nokia-110i-%C4%90i%E1%BB%87n-Tho%E1%BA%A1i-Nokia-110i-M%E1%BB%9Bi-T%E1%BB%91t-i.39413762.7962500323
ƒêi·ªán Tho·∫°i Mini Nokia 2 Sim Cute	DIENTHOAI	556.0	175000.0	H√† N·ªôi	https://cf.shopee.vn/file/ba69e7dfbfb204d0f022dadd43ece33e_tn	https://shopee.vn/%C4%90i%E1%BB%87n-Tho%E1%BA%A1i-Mini-Nokia-2-Sim-Cute-i.251968365.5050427869
ƒêi·ªán Tho·∫°i Xiaomi Redmi Note 8 64GB Ram 4GB - H√†ng Nh·∫≠p Kh·∫©u	DIENTHOAI	3800.0	3450000.0	H√† N·ªôi	https://cf.shopee.vn/file/86547dacf84276e77e03a579ec05eb2c_tn	https://shopee.vn/%C4%90i%E1%BB%87n-Tho%E1%BA%A1i-Xiaomi-Redmi-Note-8-64GB-Ram-4GB-H%C3%A0ng-Nh%E1%BA%ADp-Kh%E1%BA%A9u-i.39104237.2738984285
ƒêi·ªán Tho·∫°i Nokia 1202 Ch√≠nh H√£ng B·∫£o H√†nh 12 Th√°ng Ch∆∞a S·ª≠a Ch·ªØa Nguy√™n Zin	DIENTHOAI	1500.0	158000.0	TP. H·ªì Ch√≠ Minh	https://cf.shopee.vn/file/009e7b056efc5abcca620cfcc879f894_tn	https://shopee.vn/%C4%90i%E1%BB%87n-Tho%E1%BA%A1i-Nokia-1202-Ch%C3%ADnh-H%C3%A3ng-B%E1%BA%A3o-H%C3%A0nh-12-Th%C3%A1ng-Ch%C6%B0a-S%E1%BB%ADa-Ch%E1%BB%AFa-Nguy%C3%AAn-Zin-i.70094786.1186940117
ƒêi·ªán Tho·∫°i Masstel Fami 12 H√†ng M·ªõi Nguy√™n H·ªôp - B·∫£o H√†nh Ch√≠nh H√£ng	DIENTHOAI	1100.0	319000.0	H√† N·ªôi	https://cf.shopee.vn/file/959b6a6d22ff6675e3bc808982827d36_tn	https://shopee.vn/%C4%90i%E1%BB%87n-Tho%E1%BA%A1i-Masstel-Fami-12-H%C3%A0ng-M%E1%BB%9Bi-Nguy%C3%AAn-H%E1%BB%99p-B%E1%BA%A3o-H%C3%A0nh-Ch%C3%ADnh-H%C3%A3ng-i.14947974.429343852
ƒêi·ªán Tho·∫°i Samsung Galaxy M31 (6GB/128GB) - H√†ng Ch√≠nh H√£ng	DIENTHOAI	419.0	4890000.0	TP. H·ªì Ch√≠ Minh	https://cf.shopee.vn/file/27555cd8b736bd951bcc644a40c69299_tn	https://shopee.vn/%C4%90i%E1%BB%87n-Tho%E1%BA%A1i-Samsung-Galaxy-M31-(6GB-128GB)-H%C3%A0ng-Ch%C3%ADnh-H%C3%A3ng-i.65589552.7751975865
ƒêi·ªán tho·∫°i Nokia 1202 ( k√®m pin s·∫°c )	DIENTHOAI	328.0	115000.0	TP. H·ªì Ch√≠ Minh	https://cf.shopee.vn/file/1d0506e02c5b5cece45743aff769a94a_tn	https://shopee.vn/%C4%90i%E1%BB%87n-tho%E1%BA%A1i-Nokia-1202-(-k%C3%A8m-pin-s%E1%BA%A1c-)-i.238625379.4020879162
M√°y ƒë·ªçc s√°ch Kindle Paperwhite used m√°y ƒë·∫πp c√≥ ƒë√®n n·ªÅn Vbookshop	MAYTINHBANG	640.0	950000.0	H√† N·ªôi	https://cf.shopee.vn/file/5d7821325f3e0b1442b4b52467e31b74_tn	https://shopee.vn/M%C3%A1y-%C4%91%E1%BB%8Dc-s%C3%A1ch-Kindle-Paperwhite-used-m%C3%A1y-%C4%91%E1%BA%B9p-c%C3%B3-%C4%91%C3%A8n-n%E1%BB%81n-Vbookshop-i.92936184.1541667529
M√°y ƒë·ªçc s√°ch Kindle paperwhite gen 4 10th h√†ng used m√°y ƒë·∫πp	MAYTINHBANG	360.0	2100000.0	H√† N·ªôi	https://cf.shopee.vn/file/ebba02e1101f55094b23db540bab92f7_tn	https://shopee.vn/M%C3%A1y-%C4%91%E1%BB%8Dc-s%C3%A1ch-Kindle-paperwhite-gen-4-10th-h%C3%A0ng-used-m%C3%A1y-%C4%91%E1%BA%B9p-i.92936184.2622270543
M√°y ƒê·ªçc S√°ch Kindle Paperwhite M√°y ƒê·∫πp C√≥ Ch·ª©ng T·ª´ Ngu·ªìn G·ªëc Xu·∫•t X·ª© Nh·∫≠t B·∫£n	MAYTINHBANG	420.0	1300000.0	TP. H·ªì Ch√≠ Minh	https://cf.shopee.vn/file/fd5275eca7558071ba951e8548f82e27_tn	https://shopee.vn/M%C3%A1y-%C4%90%E1%BB%8Dc-S%C3%A1ch-Kindle-Paperwhite-M%C3%A1y-%C4%90%E1%BA%B9p-C%C3%B3-Ch%E1%BB%A9ng-T%E1%BB%AB-Ngu%E1%BB%93n-G%E1%BB%91c-Xu%E1%BA%A5t-X%E1%BB%A9-Nh%E1%BA%ADt-B%E1%BA%A3n-i.50756834.7212056821
Kindle paperwhite gen 2, gen 3 ngo·∫°i h√¨nh x∆∞·ªõc x√°t	MAYTINHBANG	192.0	1050000.0	H√† N·ªôi	https://cf.shopee.vn/file/121084306f6ff4eddda83075b61bb944_tn	https://shopee.vn/Kindle-paperwhite-gen-2-gen-3-ngo%E1%BA%A1i-h%C3%ACnh-x%C6%B0%E1%BB%9Bc-x%C3%A1t-i.92936184.7806813685
ƒêi·ªán Tho·∫°i Samsung Galaxy Note 4 (Dual sim) Fullbox Nh·∫≠p kh·∫©u	MAYTINHBANG	2000.0	1850000.0	TP. H·ªì Ch√≠ Minh	https://cf.shopee.vn/file/a67d5c06a2ed6d4cc42ed02f6d4cb71d_tn	https://shopee.vn/%C4%90i%E1%BB%87n-Tho%E1%BA%A1i-Samsung-Galaxy-Note-4-(Dual-sim)-Fullbox-Nh%E1%BA%ADp-kh%E1%BA%A9u-i.48810739.1780858995
M√°y t√≠nh b·∫£ng Asus ZenPad Z10 2017 99% m√†n 2K chuy√™n Games	MAYTINHBANG	410.0	3290000.0	H√† N·ªôi	https://cf.shopee.vn/file/bcb63c01319be4c4e72b01f71632c18c_tn	https://shopee.vn/M%C3%A1y-t%C3%ADnh-b%E1%BA%A3ng-Asus-ZenPad-Z10-2017-99-m%C3%A0n-2K-chuy%C3%AAn-Games-i.25990212.1495490640
M√°y t√≠nh b·∫£ng Xiaomi Mipad 1 + c∆∞·ªùng l·ª±c, ·ªëp l∆∞ng	MAYTINHBANG	431.0	1790000.0	H√† N·ªôi	https://cf.shopee.vn/file/69e064641014849e3675dc4f082ed24d_tn	https://shopee.vn/M%C3%A1y-t%C3%ADnh-b%E1%BA%A3ng-Xiaomi-Mipad-1-c%C6%B0%E1%BB%9Dng-l%E1%BB%B1c-%E1%BB%91p-l%C6%B0ng-i.25990212.1167684600
M√°y T√≠nh B·∫£ng iPad 4 - 64/ 32/ 16Gb (Wifi + 4G)- Zin ƒê·∫πp 99% - Pin Kho·∫ª - M√†n Rentina s·∫Øc n√©t	MAYTINHBANG	500.0	2390000.0	Qu·∫£ng Ninh	https://cf.shopee.vn/file/33c8ff87f3805ba9a22c70e68e475f19_tn	https://shopee.vn/M%C3%A1y-T%C3%ADnh-B%E1%BA%A3ng-iPad-4-64-32-16Gb-(Wifi-4G)-Zin-%C4%90%E1%BA%B9p-99-Pin-Kho%E1%BA%BB-M%C3%A0n-Rentina-s%E1%BA%AFc-n%C3%A9t-i.4670967.492888802
B√∫t c·∫£m ·ª©ng m√†n h√¨nh chuy√™n d·ª•ng cho iPad/iPhone	MAYTINHBANG	76.0	3000.0	N∆∞·ªõc ngo√†i	https://cf.shopee.vn/file/8c87bb596e27c60bbdcb5ef07d059d53_tn	https://shopee.vn/B%C3%BAt-c%E1%BA%A3m-%E1%BB%A9ng-m%C3%A0n-h%C3%ACnh-chuy%C3%AAn-d%E1%BB%A5ng-cho-iPad-iPhone-i.293690517.7656481836
M√°y ƒê·ªçc S√°ch Kindle Paperwhite C≈© M√°y Tr·∫ßy C√≥ Ch·ª©ng T·ª´ Xu·∫•t X·ª© Nh·∫≠t M·ªπ	MAYTINHBANG	31.0	1250000.0	TP. H·ªì Ch√≠ Minh	https://cf.shopee.vn/file/a8e07c03312e6ab76725b4d9e98bad45_tn	https://shopee.vn/M%C3%A1y-%C4%90%E1%BB%8Dc-S%C3%A1ch-Kindle-Paperwhite-C%C5%A9-M%C3%A1y-Tr%E1%BA%A7y-C%C3%B3-Ch%E1%BB%A9ng-T%E1%BB%AB-Xu%E1%BA%A5t-X%E1%BB%A9-Nh%E1%BA%ADt-M%E1%BB%B9-i.50756834.2032653475
iPad 4 (Wifi + 4G) 16GB/ 32GB /64G Ch√≠nh H√£ng- Zin ƒê·∫πp 99% - M√†n Retina s·∫Øc n√©t - Pin si√™u b·ªÅn v·ªõi 11.560mAh - MOBILE999	MAYTINHBANG	374.0	2268000.0	H√† N·ªôi	https://cf.shopee.vn/file/31f11667bf100ec1194951a494d4920c_tn	https://shopee.vn/iPad-4-(Wifi-4G)-16GB-32GB-64G-Ch%C3%ADnh-H%C3%A3ng-Zin-%C4%90%E1%BA%B9p-99-M%C3%A0n-Retina-s%E1%BA%AFc-n%C3%A9t-Pin-si%C3%AAu-b%E1%BB%81n-v%E1%BB%9Bi-11.560mAh-MOBILE999-i.22490660.1761547552
M√°y t√≠nh b·∫£ng Ipad 2 Qu·ªëc t·∫ø b·∫£n WIFI 16gb	MAYTINHBANG	596.0	1250000.0	H√† N·ªôi	https://cf.shopee.vn/file/694363f43225e43faab03eaf9805ee41_tn	https://shopee.vn/M%C3%A1y-t%C3%ADnh-b%E1%BA%A3ng-Ipad-2-Qu%E1%BB%91c-t%E1%BA%BF-b%E1%BA%A3n-WIFI-16gb-i.18525093.2581151731
‚ö°Ô∏è NEW 100% - SEAL ‚ö°Ô∏è M√°y ƒë·ªçc s√°ch Amazon Kindle Paperwhite 4 (th·∫ø h·ªá th·ª© 10 - 8/32GB) ‚ö°Ô∏è K√®m ph·ª• ki·ªán gi√° s·ªëc ‚ö°Ô∏è	MAYTINHBANG	144.0	2849000.0	TP. H·ªì Ch√≠ Minh	https://cf.shopee.vn/file/6f634fc9a9299e9c3d4fe4b9088f0187_tn	https://shopee.vn/%E2%9A%A1%EF%B8%8F-NEW-100-SEAL-%E2%9A%A1%EF%B8%8F-M%C3%A1y-%C4%91%E1%BB%8Dc-s%C3%A1ch-Amazon-Kindle-Paperwhite-4-(th%E1%BA%BF-h%E1%BB%87-th%E1%BB%A9-10-8-32GB)-%E2%9A%A1%EF%B8%8F-K%C3%A8m-ph%E1%BB%A5-ki%E1%BB%87n-gi%C3%A1-s%E1%BB%91c-%E2%9A%A1%EF%B8%8F-i.155124804.2315030608
[CHUY√äN GAME + ANTUTU 130K] M√°y t√≠nh b·∫£ng Xiaomi MiPad 1 64GB Zin Likenew 99%	MAYTINHBANG	166.0	1788000.0	H√† N·ªôi	https://cf.shopee.vn/file/0cf63f47fa9ecf53c3d9c261478fa6cc_tn	https://shopee.vn/-CHUY%C3%8AN-GAME-ANTUTU-130K-M%C3%A1y-t%C3%ADnh-b%E1%BA%A3ng-Xiaomi-MiPad-1-64GB-Zin-Likenew-99--i.42806741.1386343248
M√°y t√≠nh B·∫£ng Ipad 2. Nguy√™n zin Qu·ªëc T·∫ø.r·∫ª m√† d√πng ch·∫•t	MAYTINHBANG	320.0	1250000.0	H√† N·ªôi	https://cf.shopee.vn/file/6dd9c0f86cc6bf4a8d52465077f19aa2_tn	https://shopee.vn/M%C3%A1y-t%C3%ADnh-B%E1%BA%A3ng-Ipad-2.-Nguy%C3%AAn-zin-Qu%E1%BB%91c-T%E1%BA%BF.r%E1%BA%BB-m%C3%A0-d%C3%B9ng-ch%E1%BA%A5t-i.139098144.6000347732
M√°y t√≠nh b·∫£ng Samsung Galaxy Tab S6 T·∫∑ng k√®m Bao b√†n ph√≠m H√†ng ch√≠nh h√£ng	MAYTINHBANG	108.0	14490000.0	H√† N·ªôi	https://cf.shopee.vn/file/c56bd519f00ea596f7860f01df02464a_tn	https://shopee.vn/M%C3%A1y-t%C3%ADnh-b%E1%BA%A3ng-Samsung-Galaxy-Tab-S6-T%E1%BA%B7ng-k%C3%A8m-Bao-b%C3%A0n-ph%C3%ADm-H%C3%A0ng-ch%C3%ADnh-h%C3%A3ng-i.55194587.5232821445
iPad Mini 5 Wi-Fi 64GB ch√≠nh h√£ng Apple m·ªõi 100% nguy√™n seal	MAYTINHBANG	82.0	9190000.0	TP. H·ªì Ch√≠ Minh	https://cf.shopee.vn/file/ea674de20cf4fc794bf2b664bc404b65_tn	https://shopee.vn/iPad-Mini-5-Wi-Fi-64GB-ch%C3%ADnh-h%C3%A3ng-Apple-m%E1%BB%9Bi-100-nguy%C3%AAn-seal-i.123009123.3440132629
M√°y t√≠nh b·∫£ng Ipad 4 b·∫£n 4G/wifi, m√†n h√¨nh 9.7inch	MAYTINHBANG	1900.0	1249000.0	TP. H·ªì Ch√≠ Minh	https://cf.shopee.vn/file/423c99ed80c494f8769413b9f830a2c7_tn	https://shopee.vn/M%C3%A1y-t%C3%ADnh-b%E1%BA%A3ng-Ipad-4-b%E1%BA%A3n-4G-wifi-m%C3%A0n-h%C3%ACnh-9.7inch-i.11171175.4447743735
M√°y t√≠nh b·∫£ng iPAD 4 16G ch√≠nh h√£ng APPLE - T·∫∑ng bao da	MAYTINHBANG	599.0	2048000.0	Ngh·ªá An	https://cf.shopee.vn/file/694f53e935a25c426084ccd149001727_tn	https://shopee.vn/M%C3%A1y-t%C3%ADnh-b%E1%BA%A3ng-iPAD-4-16G-ch%C3%ADnh-h%C3%A3ng-APPLE-T%E1%BA%B7ng-bao-da-i.49282974.1109293925
M√°y ƒë·ªçc s√°ch All new Kindle PaperWhite gen 4 2019 (10th) t·∫∑ng cover ho·∫∑c bao ch·ªëng s·ªëc	MAYTINHBANG	115.0	2800000.0	TP. H·ªì Ch√≠ Minh	https://cf.shopee.vn/file/7af743fd070c9fe3a5a249d0fc773e17_tn	https://shopee.vn/M%C3%A1y-%C4%91%E1%BB%8Dc-s%C3%A1ch-All-new-Kindle-PaperWhite-gen-4-2019-(10th)-t%E1%BA%B7ng-cover-ho%E1%BA%B7c-bao-ch%E1%BB%91ng-s%E1%BB%91c-i.20070079.1787690352
iPad mini 5 64G WIFI M·ªöI 100% H√ÄNG CH√çNH H√ÉNG, CH∆ØA ACTIVE	MAYTINHBANG	121.0	9300000.0	TP. H·ªì Ch√≠ Minh	https://cf.shopee.vn/file/2d944e11f59f83ad3981a666c9546dbc_tn	https://shopee.vn/iPad-mini-5-64G-WIFI-M%E1%BB%9AI-100-H%C3%80NG-CH%C3%8DNH-H%C3%83NG-CH%C6%AFA-ACTIVE-i.139217842.6940779843
M√ÅY T√çNH B·∫¢NG ANDROID 7IN 3G-WIFI	MAYTINHBANG	256.0	599000.0	TP. H·ªì Ch√≠ Minh	https://cf.shopee.vn/file/4260da849c433b500d6d603c71095059_tn	https://shopee.vn/M%C3%81Y-T%C3%8DNH-B%E1%BA%A2NG-ANDROID-7IN-3G-WIFI-i.99502023.1934271883
M√°y t√≠nh b·∫£ng Apple ipad mini ƒë·∫πp keng 99%	MAYTINHBANG	108.0	350000.0	H√† N·ªôi	https://cf.shopee.vn/file/5f3905c83e6911865169dd107824096f_tn	https://shopee.vn/M%C3%A1y-t%C3%ADnh-b%E1%BA%A3ng-Apple-ipad-mini-%C4%91%E1%BA%B9p-keng-99--i.203317301.5415366205
M√°y t√≠nh b·∫£ng iPad 3 ch√≠nh h√£ng APPLE - T·∫∑ng Bao Da SmartCover	MAYTINHBANG	356.0	1398000.0	Ngh·ªá An	https://cf.shopee.vn/file/fd99dc19be74a71ac61bc4daf3831641_tn	https://shopee.vn/M%C3%A1y-t%C3%ADnh-b%E1%BA%A3ng-iPad-3-ch%C3%ADnh-h%C3%A3ng-APPLE-T%E1%BA%B7ng-Bao-Da-SmartCover-i.49282974.1417455566
M√°y t√≠nh b·∫£ng Huawei MediaPad T3 10 (2017)	MAYTINHBANG	100.0	3990000.0	TP. H·ªì Ch√≠ Minh	https://cf.shopee.vn/file/4297ce76ab45086c6c1c8c7fb8a8f14e_tn	https://shopee.vn/M%C3%A1y-t%C3%ADnh-b%E1%BA%A3ng-Huawei-MediaPad-T3-10-(2017)-i.93963889.1560489285
iPad 3 CH√çNH H√ÉNG Apple b·∫£n wifi 16GB Bh 6 TH√ÅNG 1 ƒë·ªïi 1 t·∫°i nh√† trong 30 ng√†y	MAYTINHBANG	431.0	1790000.0	H√† N·ªôi	https://cf.shopee.vn/file/39af12a89189fa3ad5d5cc496aa28415_tn	https://shopee.vn/iPad-3-CH%C3%8DNH-H%C3%83NG-Apple-b%E1%BA%A3n-wifi-16GB-Bh-6-TH%C3%81NG-1-%C4%91%E1%BB%95i-1-t%E1%BA%A1i-nh%C3%A0-trong-30-ng%C3%A0y-i.18525093.3609802034
M√°y T√≠nh B·∫£ng iPad Mini 1 (4G + Wifi) 16/32/64Gb - Zin ƒê·∫πp 99% - Ph·ª• ki·ªán ƒë·∫ßy ƒë·ªß	MAYTINHBANG	268.0	2290000.0	Qu·∫£ng Ninh	https://cf.shopee.vn/file/e5c0b3dfec390bbb93a9e71ebfb883e7_tn	https://shopee.vn/M%C3%A1y-T%C3%ADnh-B%E1%BA%A3ng-iPad-Mini-1-(4G-Wifi)-16-32-64Gb-Zin-%C4%90%E1%BA%B9p-99-Ph%E1%BB%A5-ki%E1%BB%87n-%C4%91%E1%BA%A7y-%C4%91%E1%BB%A7-i.4670967.492914393
M√°y ƒë·ªçc s√°ch Kindle PaperWhite gen 4 (10th) ch√≠nh h√£ng - Nguy√™n seal m·ªõi 100%	MAYTINHBANG	33.0	2500000.0	H√† N·ªôi	https://cf.shopee.vn/file/d4c081937c74737358448cd3b66c6c48_tn	https://shopee.vn/M%C3%A1y-%C4%91%E1%BB%8Dc-s%C3%A1ch-Kindle-PaperWhite-gen-4-(10th)-ch%C3%ADnh-h%C3%A3ng-Nguy%C3%AAn-seal-m%E1%BB%9Bi-100--i.28828868.7252729643
M√°y t√≠nh b·∫£ng ipad 4 ch√≠nh h√£ng, qu·ªëc t·∫ø phi√™n b·∫£n Wifi + 3G; t·∫∑ng full ph·ª• ki·ªán, c∆∞·ªùng l·ª±c bao da, h·ªçc t·∫≠p, ch∆°i game..	MAYTINHBANG	306.0	1199300.0	H√† N·ªôi	https://cf.shopee.vn/file/d4a095313b95d3fa09d9ca10e81edb64_tn	https://shopee.vn/M%C3%A1y-t%C3%ADnh-b%E1%BA%A3ng-ipad-4-ch%C3%ADnh-h%C3%A3ng-qu%E1%BB%91c-t%E1%BA%BF-phi%C3%AAn-b%E1%BA%A3n-Wifi-3G-t%E1%BA%B7ng-full-ph%E1%BB%A5-ki%E1%BB%87n-c%C6%B0%E1%BB%9Dng-l%E1%BB%B1c-bao-da-h%E1%BB%8Dc-t%E1%BA%ADp-ch%C6%A1i-game..-i.84652685.2259639039
M√°y ƒë·ªçc s√°ch Kindle Voyage used m√°y ƒë·∫πp	MAYTINHBANG	85.0	1900000.0	H√† N·ªôi	https://cf.shopee.vn/file/deaad52793ee001ad3791bb7a68b3b8a_tn	https://shopee.vn/M%C3%A1y-%C4%91%E1%BB%8Dc-s%C3%A1ch-Kindle-Voyage-used-m%C3%A1y-%C4%91%E1%BA%B9p-i.92936184.1790713097
M√°y ƒë·ªçc s√°ch kindle paperwhite gen 3 4GB t·∫∑ng k√®m cover	MAYTINHBANG	60.0	2100000.0	TP. H·ªì Ch√≠ Minh	https://cf.shopee.vn/file/7bf7c72709cb20befb59cfb9ddba59c4_tn	https://shopee.vn/M%C3%A1y-%C4%91%E1%BB%8Dc-s%C3%A1ch-kindle-paperwhite-gen-3-4GB-t%E1%BA%B7ng-k%C3%A8m-cover-i.20070079.1023558153
M√°y t√≠nh b·∫£ng ipad 2 32/16Gb ch√≠nh h√£ng b·∫£n Wifi - t·∫∑ng k√®m ph·ª• ki·ªán h·ªó tr·ª£ t·∫£i ·ª©ng d·ª•ng - b·∫£o h√†nh d√†i 6-12 th√°ng	MAYTINHBANG	76.0	399000.0	H√† N·ªôi	https://cf.shopee.vn/file/51ca1306c1ce2f9bd9731f4432bec7c4_tn	https://shopee.vn/M%C3%A1y-t%C3%ADnh-b%E1%BA%A3ng-ipad-2-32-16Gb-ch%C3%ADnh-h%C3%A3ng-b%E1%BA%A3n-Wifi-t%E1%BA%B7ng-k%C3%A8m-ph%E1%BB%A5-ki%E1%BB%87n-h%E1%BB%97-tr%E1%BB%A3-t%E1%BA%A3i-%E1%BB%A9ng-d%E1%BB%A5ng-b%E1%BA%A3o-h%C3%A0nh-d%C3%A0i-6-12-th%C3%A1ng-i.203317301.6448663362
M√°y T√≠nh B·∫£ng HUAWEI MatePad Pro (6GB+128GB) - K√®m b√∫t c·∫£m+·ª©ng B√†n ph√≠m	MAYTINHBANG	50.0	19970000.0	TP. H·ªì Ch√≠ Minh	https://cf.shopee.vn/file/06ba57ba1f5f986093a32c6e3ea4c586_tn	https://shopee.vn/M%C3%A1y-T%C3%ADnh-B%E1%BA%A3ng-HUAWEI-MatePad-Pro-(6GB-128GB)-K%C3%A8m-b%C3%BAt-c%E1%BA%A3m-%E1%BB%A9ng-B%C3%A0n-ph%C3%ADm-i.93963889.5448444080
M√ÅY T√çNH B·∫¢NG FIRE HD 8 M·ªöI NH·∫§T NƒÇM 2020 T·∫∂NG K√àM ·ªêP L∆ØNG SI√äU ƒê·∫∏P	MAYTINHBANG	34.0	2100000.0	TP. H·ªì Ch√≠ Minh	https://cf.shopee.vn/file/a4e509a9e9b67e5ad297606de1924235_tn	https://shopee.vn/M%C3%81Y-T%C3%8DNH-B%E1%BA%A2NG-FIRE-HD-8-M%E1%BB%9AI-NH%E1%BA%A4T-N%C4%82M-2020-T%E1%BA%B6NG-K%C3%88M-%E1%BB%90P-L%C6%AFNG-SI%C3%8AU-%C4%90%E1%BA%B8P-i.68756947.3240572580
M√°y ƒê·ªçc S√°ch Kobo M√°y ƒê·∫πp C√≥ Ch·ª©ng T·ª´ Ngu·ªìn G·ªëc Xu·∫•t X·ª© Nh·∫≠t B·∫£n	MAYTINHBANG	151.0	1050000.0	TP. H·ªì Ch√≠ Minh	https://cf.shopee.vn/file/4f07ec38011fcdb4319296880112007e_tn	https://shopee.vn/M%C3%A1y-%C4%90%E1%BB%8Dc-S%C3%A1ch-Kobo-M%C3%A1y-%C4%90%E1%BA%B9p-C%C3%B3-Ch%E1%BB%A9ng-T%E1%BB%AB-Ngu%E1%BB%93n-G%E1%BB%91c-Xu%E1%BA%A5t-X%E1%BB%A9-Nh%E1%BA%ADt-B%E1%BA%A3n-i.50756834.2889695149
M√°y ƒë·ªçc s√°ch Kindle Basic 2019 - All-new-kindle 2019 c√≥ ƒë√®n n·ªÅn, m√†n h√¨nh 6‚Äô‚Äô ch·ªëng kh√∫c x·∫° √°nh s√°ng, nghe Audible, 4GB	MAYTINHBANG	346.0	1600000.0	H√† N·ªôi	https://cf.shopee.vn/file/547c5ce59e375e8071eafbd22157459a_tn	https://shopee.vn/M%C3%A1y-%C4%91%E1%BB%8Dc-s%C3%A1ch-Kindle-Basic-2019-All-new-kindle-2019-c%C3%B3-%C4%91%C3%A8n-n%E1%BB%81n-m%C3%A0n-h%C3%ACnh-6%E2%80%99%E2%80%99-ch%E1%BB%91ng-kh%C3%BAc-x%E1%BA%A1-%C3%A1nh-s%C3%A1ng-nghe-Audible-4GB-i.26003850.3138039152
M√°y ƒë·ªçc s√°ch All-new Kindle 10th Generation - 2019 (4GB/8GB) NEW 100%	MAYTINHBANG	115.0	2075000.0	TP. H·ªì Ch√≠ Minh	https://cf.shopee.vn/file/227f9f610d7af98684001d25af219e83_tn	https://shopee.vn/M%C3%A1y-%C4%91%E1%BB%8Dc-s%C3%A1ch-All-new-Kindle-10th-Generation-2019-(4GB-8GB)-NEW-100--i.155124804.2614137753
[Mua 1 t·∫∑ng 8]Asus Zenpad z8s t·∫∑ng bao da, c∆∞·ªùng l·ª±c, ƒë·∫ø d·ª±ng, d√°n 3 l·ªõp, tienganh123, luyenthi123, khƒÉn lau, free ship	MAYTINHBANG	95.0	2277440.0	Thanh H√≥a	https://cf.shopee.vn/file/5f0d21318a5cbf8b8dfc24eece25c3d6_tn	https://shopee.vn/-Mua-1-t%E1%BA%B7ng-8-Asus-Zenpad-z8s-t%E1%BA%B7ng-bao-da-c%C6%B0%E1%BB%9Dng-l%E1%BB%B1c-%C4%91%E1%BA%BF-d%E1%BB%B1ng-d%C3%A1n-3-l%E1%BB%9Bp-tienganh123-luyenthi123-kh%C4%83n-lau-free-ship-i.18675286.2401875449
M√°y T√≠nh B·∫£ng Apple iPad Gen 8 2020 32GB wifi - H√†ng Ch√≠nh H√£ng	MAYTINHBANG	46.0	9710000.0	TP. H·ªì Ch√≠ Minh	https://cf.shopee.vn/file/7a7735907ebfe513c61dda918da33b7c_tn	https://shopee.vn/M%C3%A1y-T%C3%ADnh-B%E1%BA%A3ng-Apple-iPad-Gen-8-2020-32GB-wifi-H%C3%A0ng-Ch%C3%ADnh-H%C3%A3ng-i.288286284.3163939407
[Nh·∫≠p ELSSMT800 gi·∫£m 800K] M√°y T√≠nh B·∫£ng Samsung Galaxy Tab A7 - H√£ng Ph√¢n Ph·ªëi Ch√≠nh Th·ª©c	MAYTINHBANG	101.0	6990000.0	TP. H·ªì Ch√≠ Minh	https://cf.shopee.vn/file/e654d4c7086a55f40b48a1413bb40ab5_tn	https://shopee.vn/-Nh%E1%BA%ADp-ELSSMT800-gi%E1%BA%A3m-800K-M%C3%A1y-T%C3%ADnh-B%E1%BA%A3ng-Samsung-Galaxy-Tab-A7-H%C3%A3ng-Ph%C3%A2n-Ph%E1%BB%91i-Ch%C3%ADnh-Th%E1%BB%A9c-i.65589552.3557045243
M√°y ƒë·ªçc s√°ch Kindle paperwhite gen 4 new nguy√™n seal 10th 2019	MAYTINHBANG	35.0	2800000.0	H√† N·ªôi	https://cf.shopee.vn/file/259606954800e4068896c4a959c4f347_tn	https://shopee.vn/M%C3%A1y-%C4%91%E1%BB%8Dc-s%C3%A1ch-Kindle-paperwhite-gen-4-new-nguy%C3%AAn-seal-10th-2019-i.92936184.7911743990
M√°y ƒë·ªçc s√°ch Kindle Paperwhite Gen 4 (10th), m√†n h√¨nh 6'' 300PPI, Darkmode, ch·ªëng n∆∞·ªõc, audible, b·ªô nh·ªõ 8-32GB	MAYTINHBANG	278.0	2400000.0	H√† N·ªôi	https://cf.shopee.vn/file/bc9f80573ce8ac67630774d3d8e6d0a4_tn	https://shopee.vn/M%C3%A1y-%C4%91%E1%BB%8Dc-s%C3%A1ch-Kindle-Paperwhite-Gen-4-(10th)-m%C3%A0n-h%C3%ACnh-6''-300PPI-Darkmode-ch%E1%BB%91ng-n%C6%B0%E1%BB%9Bc-audible-b%E1%BB%99-nh%E1%BB%9B-8-32GB-i.26003850.3425711158
[Win10 + B√∫t Wacom] M√°y t√≠nh b·∫£ng 2 in 1 Lenovo Thinkpad 10 4GB RAM.	MAYTINHBANG	48.0	3890000.0	H√† N·ªôi	https://cf.shopee.vn/file/d18402e52ed332c08d64a37c0f10312b_tn	https://shopee.vn/-Win10-B%C3%BAt-Wacom-M%C3%A1y-t%C3%ADnh-b%E1%BA%A3ng-2-in-1-Lenovo-Thinkpad-10-4GB-RAM.-i.25990212.2781813602
[Win10 + B√∫t Wacom] M√°y t√≠nh b·∫£ng 2 in 1 Lenovo Thinkpad Helix 2 SSD.	MAYTINHBANG	34.0	6490000.0	H√† N·ªôi	https://cf.shopee.vn/file/726e5f77b5eb5ab5474ded55c2a94dbc_tn	https://shopee.vn/-Win10-B%C3%BAt-Wacom-M%C3%A1y-t%C3%ADnh-b%E1%BA%A3ng-2-in-1-Lenovo-Thinkpad-Helix-2-SSD.-i.25990212.6043729819
M√°y T√çnh B·∫£ng HUAWEI Matepad T8 2G/32G- Th·∫ª nh·ªõ ngo√†i 512GB	MAYTINHBANG	34.0	3140000.0	TP. H·ªì Ch√≠ Minh	https://cf.shopee.vn/file/0ba843669fd7fa3580967a5b968ec28c_tn	https://shopee.vn/M%C3%A1y-T%C3%8Dnh-B%E1%BA%A3ng-HUAWEI-Matepad-T8-2G-32G-Th%E1%BA%BB-nh%E1%BB%9B-ngo%C3%A0i-512GB-i.93963889.3735021741
[T·∫∑ng bao da]M√°y ƒë·ªçc s√°ch Kindle paperwhite gen 2 h√†ng c≈© m√°y ƒë·∫πp( c√≥ ƒë√®n n·ªÅn)	MAYTINHBANG	215.0	1330000.0	H√† N·ªôi	https://cf.shopee.vn/file/238f2078b07943ee4c745bfff6fb19a4_tn	https://shopee.vn/-T%E1%BA%B7ng-bao-da-M%C3%A1y-%C4%91%E1%BB%8Dc-s%C3%A1ch-Kindle-paperwhite-gen-2-h%C3%A0ng-c%C5%A9-m%C3%A1y-%C4%91%E1%BA%B9p(-c%C3%B3-%C4%91%C3%A8n-n%E1%BB%81n)-i.92936184.1541659708
[T·∫∑ng bao da ] M√°y ƒë·ªçc s√°ch kindle paperwhite 3 tr·∫Øng h√†ng used m√°y ƒë·∫πp ( c√≥ ƒë√®n n·ªÅn )	MAYTINHBANG	36.0	1700000.0	H√† N·ªôi	https://cf.shopee.vn/file/9668437c72c79cb0dffb561f946529e1_tn	https://shopee.vn/-T%E1%BA%B7ng-bao-da-M%C3%A1y-%C4%91%E1%BB%8Dc-s%C3%A1ch-kindle-paperwhite-3-tr%E1%BA%AFng-h%C3%A0ng-used-m%C3%A1y-%C4%91%E1%BA%B9p-(-c%C3%B3-%C4%91%C3%A8n-n%E1%BB%81n-)-i.92936184.5625538942
iPad Air 1 - 16/ 32/ 64Gb (Wifi + 4G) - Zin ƒê·∫πp 99% Nh∆∞ M·ªõi (BH 6 th√°ng)	MAYTINHBANG	112.0	3890000.0	Qu·∫£ng Ninh	https://cf.shopee.vn/file/f5830ee1d3e49acb97a64084fde2875d_tn	https://shopee.vn/iPad-Air-1-16-32-64Gb-(Wifi-4G)-Zin-%C4%90%E1%BA%B9p-99-Nh%C6%B0-M%E1%BB%9Bi-(BH-6-th%C3%A1ng)-i.4670967.748920100
üéÅ M√°y t√≠nh b·∫£ng Samsung Tab A 8.0 Knox b·∫£n M·ªπ (Wifi+4G)	MAYTINHBANG	22.0	2088000.0	H·∫£i Ph√≤ng	https://cf.shopee.vn/file/416a2f1820261beb03b6029cbcedb1e3_tn	https://shopee.vn/%F0%9F%8E%81-M%C3%A1y-t%C3%ADnh-b%E1%BA%A3ng-Samsung-Tab-A-8.0-Knox-b%E1%BA%A3n-M%E1%BB%B9-(Wifi-4G)-i.204574220.7909462734
M√°y t√≠nh b·∫£ng apple ipad mini 2 Rentina 7.9 inh ch√≠nh h√£ng 32/16gb h·ªó tr·ª£ b·∫£o h√†nh 12 th√°ng	MAYTINHBANG	54.0	1285000.0	H√† N·ªôi	https://cf.shopee.vn/file/de9567e23b4fa3b7af9f66f7bf0f6bfc_tn	https://shopee.vn/M%C3%A1y-t%C3%ADnh-b%E1%BA%A3ng-apple-ipad-mini-2-Rentina-7.9-inh-ch%C3%ADnh-h%C3%A3ng-32-16gb-h%E1%BB%97-tr%E1%BB%A3-b%E1%BA%A3o-h%C3%A0nh-12-th%C3%A1ng-i.203317301.4952265828
